asset_icon|name|description|extra_info|abilities_mod|hero_id
https://cdn.akamai.steamstatic.com/apps/dota2/images/dota_react/icons/facets/cooldown.png|The Quickening|Units dying nearby Abaddon lower his cooldowns.|Every time a unit dies within ||abaddon
https://cdn.akamai.steamstatic.com/apps/dota2/images/dota_react/icons/facets/phantom_ass_dagger.png|Malignant Mist|Mist Coil also deals 40/60/80/100 % attack damage and applies effects from items and abilities. Self Damage increased when targeting enemies.||name,Mist Coil))description,))modifier,SELF DAMAGE (ENEMY CAST):70%));|abaddon
https://cdn.akamai.steamstatic.com/apps/dota2/images/dota_react/icons/facets/gold.png|Seed Money|Alchemist starts with 250 more gold.||name,Greevil's Greed))description,));|alchemist
https://cdn.akamai.steamstatic.com/apps/dota2/images/dota_react/icons/facets/cooldown.png|Mixologist|Unstable Concoction and Berserk Potion recharge faster when in Chemical Rage.||name,Unstable Concoction))description,While Alchemist is affected by Chemical Rage, cooldown is reduced by 35 %.));|alchemist
https://cdn.akamai.steamstatic.com/apps/dota2/images/dota_react/icons/facets/aghs.png|Dividends|Alchemist gains + 70 GPM for each Aghanim's Scepter he has granted to allies.||name,Greevil's Greed))description,Alchemist gains 70 GPM for each Aghanim's Scepter he has granted to allies.));|alchemist
https://cdn.akamai.steamstatic.com/apps/dota2/images/dota_react/icons/facets/debuff.png|Bone Chill|Ancient Apparition's abilities reduce the enemy's Strength.||name,Death Rime))description,Each Death Rime Stack also reduces the enemy's Strength.))modifier,STR REDUCTION PER STACK:0.5/0.75/1/1.25))modifier,STR REDUCTION PER STACK:0/0/0/0));|ancientapparition
https://cdn.akamai.steamstatic.com/apps/dota2/images/dota_react/icons/facets/area_of_effect.png|Exposure|Cold Feet applies in an AoE, depending on the current level of Ice Blast.||name,Ice Blast))description,))modifier,COLD FEET AOE:200/350/500))modifier,COLD FEET AOE:0/0/0));|ancientapparition
https://cdn.akamai.steamstatic.com/apps/dota2/images/dota_react/icons/facets/ricochet.png|Magebane's Mirror|Spells countered by Counterspell or Counterspell Ally will immediately burn a percentage of its mana cost from the enemy and deal damage based on the burned mana cost.||name,Counterspell))description,Counterspell burns a percentage of the countered spell's mana cost from its caster and does damage based on 100 % of the burned mana cost, up to a maximum of 400 damage per reflected spell.))modifier,MANA BURN PERCENTAGE:150%/200%/250%/300%))modifier,MANA BURN PERCENTAGE:0%/0%/0%/0%));|anti-mage
https://cdn.akamai.steamstatic.com/apps/dota2/images/dota_react/icons/facets/mana.png|Mana Thirst|Anti-Mage gains damage when his enemies are at low mana.||name,Mana Void))description,Passively grants attack damage when an enemy hero's mana falls below 60 %, with the bonuses increasing as their mana falls further. If the enemies mana falls below 15 % Anti-Mage gains the maximum amount of damage, as well as vision and True Sight of that hero. Applies to enemy heroes within 2500 range. Bonuses stack per hero.))modifier,MANA THIRST MAX ATTACK DAMAGE:20/45/70))modifier,MANA THIRST MAX ATTACK DAMAGE:0/0/0));|anti-mage
https://cdn.akamai.steamstatic.com/apps/dota2/images/dota_react/icons/facets/arc_warden_alt.png|Runed Replica|The Tempest Double is infused with the bonuses of Power Runes for 12 s when created. Level 1 - Arcane Rune. Level 2 - Arcane and Invisibility Runes. Level 3 - Arcane, Invisibility, and Haste Runes.||name,Tempest Double))description,));|arcwarden
https://cdn.akamai.steamstatic.com/apps/dota2/images/dota_react/icons/facets/rune.png|Power Capture|Magnetic Field pulls runes. Arc Warden gains + 1.5 all attributes permanently upon activating a Power Rune.||name,Magnetic Field))description,))modifier,RUNE PULL FORCE:150))modifier,RUNE PULL RADIUS:1200/1800/2400/3000))modifier,RUNE PULL RADIUS:0/0/0/0));name,Runic Infusion))description,));|arcwarden
https://cdn.akamai.steamstatic.com/apps/dota2/images/dota_react/icons/facets/strength.png|One Man Army|Axe gains Strength based on his armor as long as he's away from his allies.|% of Axe's armor is gained as strength as long as there are no allied heroes within ||axe
https://cdn.akamai.steamstatic.com/apps/dota2/images/dota_react/icons/facets/armor.png|Call Out|Berserker's Call gives attacking enemies more attack speed and Axe more armor for the duration.||name,Berserker's Call))description,Berserker's Call gives Axe increased bonus armor and increases the attack speed of the affected units.))modifier,BONUS ARMOR:6))modifier,ENEMY ATTACK SPEED BONUS:45));|axe
https://cdn.akamai.steamstatic.com/apps/dota2/images/dota_react/icons/facets/damage.png|Dream Stalker|Bane has increased attack speed when attacking Nightmared units.||name,Nightmare))description,Bane has increased attack speed when attacking Nightmared units.))modifier,ATTACK SPEED BONUS:40/60/80/100))modifier,ATTACK SPEED BONUS:0/0/0/0));|bane
https://cdn.akamai.steamstatic.com/apps/dota2/images/dota_react/icons/facets/movement.png|Sleepwalk|Nightmared units walk in Bane's chosen direction.||name,Nightmare))description,Nightmared units walk in Bane's chosen direction.))modifier,WALK SPEED:110));|bane
https://cdn.akamai.steamstatic.com/apps/dota2/images/dota_react/icons/facets/nuke.png|Stoked|Firefly also lights Batrider on fire. He gains increasingly more Move Speed and Spell Amplification and burns away a portion of his max health each second.||name,Firefly))description,Firefly also lights Batrider on fire. He gains increasingly more Move Speed and Spell Amplification and burns away a portion of his max health each second. Maximum bonuses are reached at the end of Firefly's duration. Self-burn damage is constant and does not increase over time.))modifier,MAX MOVEMENT SPEED BONUS:25%/30%/35%/40%))modifier,MAX SPELL AMPLIFICATION BONUS:20%))modifier,MAX HEALTH AS DAMAGE PER SECOND:2%))modifier,MAX MOVEMENT SPEED BONUS:0%/0%/0%/0%));|batrider
https://cdn.akamai.steamstatic.com/apps/dota2/images/dota_react/icons/facets/damage.png|Arsonist|Increases the max level of Sticky Napalm. Level 5 Sticky Napalm causes every attack to apply 1 stack of Sticky Napalm.||name,Sticky Napalm))description,Increases the max level of Sticky Napalm. Level 5 Sticky Napalm causes every attack to apply 1 stack of Sticky Napalm.));|batrider
https://cdn.akamai.steamstatic.com/apps/dota2/images/dota_react/icons/facets/summons.png|Wild Hunt|Beastmaster attacks faster when his units are nearby.||name,Inner Beast))description,Attack Speed bonus is increased by the number of units affected by Inner Beast.))modifier,BONUS ATTACK SPEED PER UNIT:3/4/5/6))modifier,BONUS ATTACK SPEED PER UNIT:0/0/0/0));|beastmaster
https://cdn.akamai.steamstatic.com/apps/dota2/images/dota_react/icons/facets/damage.png|Beast Mode|Beastmaster can get a self attack speed and damage amplification boost.||name,Inner Beast))description,Can be activated to increase Beastmaster's attack speed and allow him to apply the Wild Axes damage amplification debuff on his attack target.))modifier,ACTIVE DURATION:6))modifier,ACTIVE BONUS ATTACK SPEED:20/30/40/50))modifier,MANA COST:35))modifier,COOLDOWN:20))modifier,ACTIVE BONUS ATTACK SPEED:0/0/0/0));|beastmaster
https://cdn.akamai.steamstatic.com/apps/dota2/images/dota_react/icons/facets/movement.png|Arterial Spray|Ruptured units are pushed when attacked by Bloodseeker.||name,Rupture))description,Ruptured units are pushed when attacked by Bloodseeker.))modifier,PUSH DISTANCE:50));|bloodseeker
https://cdn.akamai.steamstatic.com/apps/dota2/images/dota_react/icons/facets/debuff.png|Old Blood|Bloodrage silences the target and can be applied to enemies. Bloodrage increases base attack damage instead of spell damage.||name,Bloodrage))description,))modifier,BASE DAMAGE:15%/20%/25%/30%))modifier,BASE DAMAGE:0%/0%/0%/0%));|bloodseeker
https://cdn.akamai.steamstatic.com/apps/dota2/images/dota_react/icons/facets/nuke.png|Through and Through|Shuriken Toss applies its damage and slow to all enemies it passes through.||name,Shuriken Toss))description,Shuriken Toss applies its damage and slow to all enemies it passes through.));|bountyhunter
https://cdn.akamai.steamstatic.com/apps/dota2/images/dota_react/icons/facets/gold.png|Cutpurse|Bounty Hunter steals gold when targeting enemy heroes with his abilities or items.|Reapplying Track does not steal gold with Cutpurse.||bountyhunter
https://cdn.akamai.steamstatic.com/apps/dota2/images/dota_react/icons/facets/nuke.png|Roll Out the Barrel|Throw a barrel at enemies, damaging them and applying Cinder Brew.||name,Cinder Brew))description,Cinder Brew is now a rolling barrel of ale that drenches enemies in its path and explodes at the end.))modifier,BARREL SPEED:950))modifier,BARREL IMPACT DAMAGE:40/70/100/130))modifier,BARREL IMPACT DAMAGE:0/0/0/0));|brewmaster
https://cdn.akamai.steamstatic.com/apps/dota2/images/dota_react/icons/facets/speed.png|Drunken Master|When brewed up, Brewmaster moves with a varying amount of movement speed, altering between 15 % slower and 50 % faster for the duration.||name,Cinder Brew))description,));|brewmaster
https://cdn.akamai.steamstatic.com/apps/dota2/images/dota_react/icons/facets/snot.png|Snot Rocket|Bristleback now fires Viscous Nasal Goo instead of Quills when damaged. Viscous Nasal Goo effects are stronger.||name,Viscous Nasal Goo))description,))modifier,ARMOR LOSS PER STACK:0.5))modifier,STACK LIMIT:2));name,Bristleback))description,))modifier,NASAL GOO RADIUS:750));|bristleback
https://cdn.akamai.steamstatic.com/apps/dota2/images/dota_react/icons/facets/no_vision.png|Seeing Red|Warpath can be activated to gain extra bonuses. While Seeing Red, Bristleback's vision is limited and he does not receive vision from his allies.||name,Warpath))description,))modifier,ACTIVE BONUS DAMAGE PER STACK:50%))modifier,ACTIVE BONUS MOVEMENT PER STACK:50%))modifier,DURATION:4/5/6))modifier,DURATION:0/0/0));|bristleback
https://cdn.akamai.steamstatic.com/apps/dota2/images/dota_react/icons/facets/web.png|Necrotic Webs|Reduces health restoration of enemies on webs.||name,Spin Web))description,Reduces health restoration of enemies on webs that are in the same web network as Broodmother.))modifier,ENEMY RESTORATION REDUCTION:10%/30%/50%/70%))modifier,ENEMY RESTORATION REDUCTION:0%/0%/0%/0%));|broodmother
https://cdn.akamai.steamstatic.com/apps/dota2/images/dota_react/icons/facets/summons.png|Feeding Frenzy|Insatiable Hunger also applies to nearby Spiderlings.||name,Insatiable Hunger))description,Insatiable Hunger also applies to nearby Spiderlings.))modifier,SPIDERLING RADIUS:800));|broodmother
https://cdn.akamai.steamstatic.com/apps/dota2/images/dota_react/icons/facets/nuke.png|Counter-Strike|Double Edge damage is increased when Centaur is damage by enemies.||name,Double Edge))description,Double Edge damage is increased by 35 % of the damage Centaur took in the last 6 s from enemies, up to a total of 100 % bonus Double Edge damage. Damage resets when Double Edge is cast.));|centaurwarrunner
https://cdn.akamai.steamstatic.com/apps/dota2/images/dota_react/icons/facets/speed.png|Horsepower|Centaur Warrunner gains Movement Speed based on his Strength.|Centaur Warrunner gains ||centaurwarrunner
https://cdn.akamai.steamstatic.com/apps/dota2/images/dota_react/icons/facets/rng.png|Irrationality|Reality Rift has equal chances of applying Break, Disarm, or Silence for 50 % of the base debuff duration in addition to its normal effects.||name,Reality Rift))description,));|chaosknight
https://cdn.akamai.steamstatic.com/apps/dota2/images/dota_react/icons/facets/item.png|Fundamental Forging|Chaos Knight can craft artifacts from the next tier when making a Neutral Item.|||chaosknight
https://cdn.akamai.steamstatic.com/apps/dota2/images/dota_react/icons/facets/ricochet.png|Cloven Chaos|Chaos Bolt splits in half upon striking its target, stunning one additional enemy and damaging another.||name,Chaos Bolt))description,));|chaosknight
https://cdn.akamai.steamstatic.com/apps/dota2/images/dota_react/icons/facets/area_of_effect.png|Centaur Convert|Summon Convert calls forth either a Centaur Courser or Centaur Conqueror.||name,Summon Convert))description,Summon Convert calls forth either a Centaur Courser or Centaur Conqueror.));|chen
https://cdn.akamai.steamstatic.com/apps/dota2/images/dota_react/icons/facets/slow.png|Hellbear Convert|Summon Convert calls forth either a Hellbear or Hellbear Smasher.||name,Summon Convert))description,Summon Convert calls forth either a Giant Wolf or Alpha Wolf.));|chen
https://cdn.akamai.steamstatic.com/apps/dota2/images/dota_react/icons/facets/summons.png|Troll Convert|Summon Convert calls forth either a Hill Troll or Dark Troll Summoner.||name,Summon Convert))description,Summon Convert calls forth either a Hellbear or Hellbear Smasher.));|chen
https://cdn.akamai.steamstatic.com/apps/dota2/images/dota_react/icons/facets/mana.png|Satyr Convert|Summon Convert calls forth either a Satyr Mindstealer or Satyr Tormenter.||name,Summon Convert))description,Summon Convert calls forth either a Hill Troll or Dark Troll Summoner.));|chen
https://cdn.akamai.steamstatic.com/apps/dota2/images/dota_react/icons/facets/bubbles.png|Marshmage Convert|Summon Convert calls forth either a Marshmage Apprentice or a Marshmage.||name,Summon Convert))description,Summon Convert calls forth either a Satyr Mindstealer or Satyr Tormenter.));|chen
https://cdn.akamai.steamstatic.com/apps/dota2/images/dota_react/icons/facets/no_vision.png|Suppressive Fire|Strafe attacks cause enemies to miss more often.||name,Strafe))description,Clinkz and each Skeleton Archer apply a stacking debuff, one stack per attacking Skeleton Archer, causing them to miss 30 % of their attacks per stack for 2 s. Applies to buildings as well.));|clinkz
https://cdn.akamai.steamstatic.com/apps/dota2/images/dota_react/icons/facets/teleport.png|Engulfing Step|Death Pact teleports Clinkz towards his victim. Reduces Death Pact cooldown.||name,Death Pact))description,Death Pact teleports Clinkz towards his victim. Reduces Death Pact cooldown. If Alt-Cast behavior is activated, or Clinkz is Rooted or Leashed, he will not teleport to the target location.))modifier,BASE CHARGE RESTORE TIME:10));|clinkz
https://cdn.akamai.steamstatic.com/apps/dota2/images/dota_react/icons/facets/cooldown.png|Hookup|If there's another allied hero within 350 of Hookshot's hit target, Clockwerk and all allies in the area receive bonus armor, while refunding a portion of Hookshot's cooldown and manacost.||name,Hookshot))description,If there's another allied hero within 350 of Hookshot's hit target, Clockwerk and all allies in the area receive bonus armor, while refunding a portion of Hookshot's cooldown and manacost.))modifier,COOLDOWN/MANACOST REFUND:75%))modifier,ALLY ARMOR DURATION:4))modifier,ALLY ARMOR BONUS:15/20/25))modifier,ALLY ARMOR BONUS:0/0/0));|clockwerk
https://cdn.akamai.steamstatic.com/apps/dota2/images/dota_react/icons/facets/area_of_effect.png|Expanded Armature|Power Cogs form in a larger radius.||name,Power Cogs))description,Power Cogs form in a larger radius.))modifier,FORMATION RADIUS:115));|clockwerk
https://cdn.akamai.steamstatic.com/apps/dota2/images/dota_react/icons/facets/armor.png|Chainmeal|Clockwerk can consume Chainmails to permanently gain + 4 armor.||name,Armor Power))description,Clockwerk can consume Chainmails to permanently gain + 4 armor per Chainmail consumed. Can stack. Self-cast to consume.));|clockwerk
https://cdn.akamai.steamstatic.com/apps/dota2/images/dota_react/icons/facets/armor.png|Glacial Guard|Crystal Nova has increased radius and grants allied heroes a physical damage barrier. Barrier is increased for Crystal Maiden.||name,Crystal Nova))description,))modifier,RADIUS:100))modifier,PHYSICAL BARRIER AMOUNT:40/70/100/130))modifier,SELF PHYSICAL BARRIER AMOUNT:80/140/200/260))modifier,BARRIER DURATION:4))modifier,PHYSICAL BARRIER AMOUNT:0/0/0/0))modifier,SELF PHYSICAL BARRIER AMOUNT:0/0/0/0));|crystalmaiden
https://cdn.akamai.steamstatic.com/apps/dota2/images/dota_react/icons/facets/mana.png|Arcane Overflow|Activating Arcane Aura temporarily increases Crystal Maiden's spell amplification and mana costs. During the duration, Crystal Maiden restores her and her allies' Mana when casting spells.||name,Arcane Aura))description,))modifier,SPELL AMP:35%))modifier,MANA COST INCREASE:50%))modifier,MANA GRANT RADIUS:1200))modifier,MANA SPENT GRANTED:15%))modifier,DURATION:10))modifier,COOLDOWN:30));|crystalmaiden
https://cdn.akamai.steamstatic.com/apps/dota2/images/dota_react/icons/facets/damage.png|Quick Wit|Dark Seer also gains Attack Speed from Intelligence.|Dark Seer gains ||darkseer
https://cdn.akamai.steamstatic.com/apps/dota2/images/dota_react/icons/facets/speed.png|Heart of Battle|Dark Seer moves faster when near other heroes.|Dark Seer gains ||darkseer
https://cdn.akamai.steamstatic.com/apps/dota2/images/dota_react/icons/facets/damage.png|Throwing Shade|Dark Willow deals more damage to nearby heroes when she's in the Shadow Realm.||name,Shadow Realm))description,While in Shadow Realm, Dark Willow emits a 700 radius aura that increases damage that she deals to enemies in its area of effect by up to 30 %. Damage scales based on how long she remains under the effects of Shadow Realm.));|darkwillow
https://cdn.akamai.steamstatic.com/apps/dota2/images/dota_react/icons/facets/barrier.png|Shattering Crown|Cursed Crown accumulates all damage dealt by Dark Willow and attack damage dealt by her allies. A percentage of that damage is dealt again as magical damage to the whole area when the counter expires.||name,Cursed Crown))description,));|darkwillow
https://cdn.akamai.steamstatic.com/apps/dota2/images/dota_react/icons/facets/cooldown.png|Solar Charged|Whenever Dawnbreaker hits a target with a powered up Luminosity, she decreases the cooldowns of all of her abilities.||name,Luminosity))description,Whenever Dawnbreaker hits a target with a powered up Luminosity, she decreases the cooldowns of all of her abilities.))modifier,COOLDOWN REDUCTION:1));|dawnbreaker
https://cdn.akamai.steamstatic.com/apps/dota2/images/dota_react/icons/facets/fist.png|Starsurge|Dawnbreaker and nearby allies gain bonus attack speed at the end of Starbreaker for each swipe that hit enemy heroes.||name,Starbreaker))description,))modifier,BONUS ATTACK SPEED PER SWIPE:15/21/27/33))modifier,BONUS ATTACK SPEED PER SWIPE (ALLIES):9/12/15/18))modifier,BONUS ATTACK SPEED PER SWIPE:0/0/0/0))modifier,BONUS ATTACK SPEED PER SWIPE (ALLIES):0/0/0/0));|dawnbreaker
https://cdn.akamai.steamstatic.com/apps/dota2/images/dota_react/icons/facets/speed.png|Trailblazer|Walking along Celestial Hammer's fire trail gives bonus movespeed.||name,Celestial Hammer))description,))modifier,FIRE TRAIL MOVESPEED BONUS:10%/15%/20%/25%))modifier,FIRE TRAIL MOVESPEED BONUS:0%/0%/0%/0%));|dawnbreaker
https://cdn.akamai.steamstatic.com/apps/dota2/images/dota_react/icons/facets/armor.png|Nothl Boon|Dazzle's overhealing is converted into a barrier. Weave is stronger on allies and amplifies incoming heals from Dazzle.|Whenever Dazzle overheals himself or an ally, it grants that hero a physical damage barrier equal to the amount overhealed for |name,Weave))description,Weave applies 2 x stacks to allies. Weave amplifies incoming heals from Dazzle by 7.5 % per stack.));|dazzle
https://cdn.akamai.steamstatic.com/apps/dota2/images/dota_react/icons/facets/ricochet.png|Poison Bloom|Dazzle can spread his Poison Touch when attacking enemies. Weave is stronger on enemies.||name,Poison Touch))description,Every 4 attacks, the poison will deal additional damage and split to additional enemy units in a 450 AoE.))modifier,SPLIT DAMAGE:30/60/90/120))modifier,SPLIT DAMAGE:0/0/0/0));name,Weave))description,Weave applies 2 x stacks to enemies.));|dazzle
https://cdn.akamai.steamstatic.com/apps/dota2/images/dota_react/icons/facets/spirit.png|Spirit Collector|Hero deaths empower your next Exorcism.|Whenever a hero dies, Death Prophet traps their spirit for later use. When she casts Exorcism, each trapped hero spirit will replace a standard spirit. Hero spirits deal more damage than standard spirits.|name,Exorcism))description,))modifier,HERO SPIRIT MIN DAMAGE:88/106/124))modifier,HERO SPIRIT MAX DAMAGE:94/112/130))modifier,HERO SPIRIT MIN DAMAGE:0/0/0))modifier,HERO SPIRIT MAX DAMAGE:0/0/0));|deathprophet
https://cdn.akamai.steamstatic.com/apps/dota2/images/dota_react/icons/facets/healing.png|Mourning Ritual|Death Prophet delays a percentage of incoming damage, taking the damage in even intervals over a short duration.|Delayed damage matches the damage type of the initial damage and bypasses armor, magic resistance, and damage block.||deathprophet
https://cdn.akamai.steamstatic.com/apps/dota2/images/dota_react/icons/facets/area_of_effect.png|Thunderstorm|Thunder Strike additionally hits all enemies within Kinetic Field. Thunder Strike Slow duration is doubled.||name,Thunder Strike))description,Thunder Strike additionally hits all enemies within Kinetic Field. Thunder Strike Slow duration is doubled.));|disruptor
https://cdn.akamai.steamstatic.com/apps/dota2/images/dota_react/icons/facets/fence.png|Kinetic Fence|Replaces Kinetic Field with the ability to create impassable walls.||name,Kinetic Fence))description,After a short formation time, creates a wall out of kinetic energy that enemies cannot pass.));|disruptor
https://cdn.akamai.steamstatic.com/apps/dota2/images/dota_react/icons/facets/vortex_out.png|Transference|Electromagnetic Repulsion can be activated manually, be cast on allies and deals damage equal to a percentage of Disruptor's current health.||name,Electromagnetic Repulsion))description,Electromagnetic Repulsion can activated manually, be cast on allies and deals damage to enemies equal to 10 % of Disruptor's current health. If activated this way, the ability goes on an 26/20/14/8 s cooldown.));|disruptor
https://cdn.akamai.steamstatic.com/apps/dota2/images/dota_react/icons/facets/meat.png|Gluttony|Devour now has 2 charges and stolen creep abilities are upgraded by one level.||name,Devour))description,Devour now has 2 charges and stolen creep abilities are upgraded by one level.))modifier,BASE CHARGE RESTORE TIME:80));|doom
https://cdn.akamai.steamstatic.com/apps/dota2/images/dota_react/icons/facets/gold.png|Devil's Bargain|Doom can sell items for 85 % of their value, but his buyback costs are increased by 20 %.|||doom
https://cdn.akamai.steamstatic.com/apps/dota2/images/dota_react/icons/facets/cooldown.png|Impending Doom|Every 6.66 minutes, Doom's duration is increased by 0.66 s.||name,Doom))description,Every 6.66 minutes, Doom's duration is increased by 0.66 s.));|doom
https://cdn.akamai.steamstatic.com/apps/dota2/images/dota_react/icons/facets/dragon_fire.png|Fire Dragon|Dragon Knight deals additional Magic Damage with his attacks. Dragon Knight's abilities have increased Area of Effect that get stronger when in Elder Dragon Form.||name,Dragon Tail))description,When in Dragon Form, Dragon Tail applies to enemies in a 100 radius.));name,Wyrm's Wrath))description,Attacks deal additional magic damage to enemy units. Spells and items have increased AoE.))modifier,MAGIC DAMAGE:6/12/18/24))modifier,AOE BONUS:25/50/75/100))modifier,MAGIC DAMAGE:0/0/0/0))modifier,AOE BONUS:0/0/0/0));name,Elder Dragon Form))description,));|dragonknight
https://cdn.akamai.steamstatic.com/apps/dota2/images/dota_react/icons/facets/dragon_poison.png|Corrosive Dragon|Dragon Knight has Corrosive Powers on his attacks that get stronger when in Elder Dragon Form. All of his abilities deal Physical damage.||name,Breathe Fire))description,Damage type changed to Physical.));name,Dragon Tail))description,Damage type changed to Physical.));name,Wyrm's Wrath))description,Attacks are filled with lethal poison that affects enemy units and structures, reducing armor and dealing physical damage over time.))modifier,CORROSIVE DAMAGE PER SECOND:5/10/15/20))modifier,CORROSIVE DURATION:3))modifier,CORROSIVE ARMOR REDUCTION:0/1/2/3))modifier,CORROSIVE DAMAGE PER SECOND:0/0/0/0))modifier,CORROSIVE ARMOR REDUCTION:0/0/0/0));name,Elder Dragon Form))description,));|dragonknight
https://cdn.akamai.steamstatic.com/apps/dota2/images/dota_react/icons/facets/dragon_frost.png|Frost Dragon|Dragon Knight has Slow and Health Restoration Reduction Effects on his attacks that get stronger when in Elder Dragon Form.||name,Wyrm's Wrath))description,Attacks are filled with frost that affects enemy units, slowing movement speed, attack speed, and reducing health restoration.))modifier,FROST MOVESPEED SLOW:14%/21%/28%/35%))modifier,FROST ATTACK SPEED SLOW:14/21/28/35))modifier,FROST DURATION:3))modifier,FROST HEALTH RESTORATION REDUCTION:14%/21%/28%/35%))modifier,FROST MOVESPEED SLOW:0%/0%/0%/0%))modifier,FROST ATTACK SPEED SLOW:0/0/0/0))modifier,FROST HEALTH RESTORATION REDUCTION:0%/0%/0%/0%));name,Elder Dragon Form))description,));|dragonknight
https://cdn.akamai.steamstatic.com/apps/dota2/images/dota_react/icons/facets/damage.png|Vantage Point|Drow deals 30 % more damage when attacking from high ground.|||drowranger
https://cdn.akamai.steamstatic.com/apps/dota2/images/dota_react/icons/facets/multi_arrow.png|Sidestep|Drow can move slowly and use items while casting Multishot.||name,Multishot))description,Drow can move slowly and use items while casting Multishot.))modifier,MOVEMENT SPEED PENALTY:25%));|drowranger
https://cdn.akamai.steamstatic.com/apps/dota2/images/dota_react/icons/facets/damage.png|Resonance|Gain bonus Attack Damage when Magnetizing Stone Remnants.||name,Magnetize))description,Magnetizing a Stone Remnant gives Earth Spirit bonus attack damage for 8 seconds. Does not stack.))modifier,BONUS ATTACK DAMAGE:40/80/120))modifier,BONUS ATTACK DAMAGE:0/0/0));|earthspirit
https://cdn.akamai.steamstatic.com/apps/dota2/images/dota_react/icons/facets/cooldown.png|Stepping Stone|Stone Remnant has a 4 s cooldown instead of Charges and Remnants don't get destroyed by Rolling Boulder.||name,Stone Remnant))description,Has a fixed cooldown instead of charges.))modifier,DURATION:20));|earthspirit
https://cdn.akamai.steamstatic.com/apps/dota2/images/dota_react/icons/facets/spinning.png|Ready to Roll|Rolling Boulder can roll over allied heroes for additional bonuses.||name,Rolling Boulder))description,Rolling over an allied hero grants the allied hero and Earth Spirit 15/20/25/30 % bonus movespeed for 4 s. If he rolls over an allied hero, Earth Spirit will travel further and faster, and stun enemies for longer,))modifier,SPEED (ALLIED HERO):1900))modifier,DISTANCE MULTIPLIER (ALLIED HERO):2.5))modifier,ALLIED HERO BONUS STUN DURATION:0.3/0.5/0.7/0.9))modifier,ALLIED HERO BONUS STUN DURATION:0/0/0/0));|earthspirit
https://cdn.akamai.steamstatic.com/apps/dota2/images/dota_react/icons/facets/area_of_effect.png|Tectonic Buildup|Aftershock radius is increased by 40 for every level of Echo Slam.||name,Aftershock))description,Aftershock radius is increased by 40 for every level of Echo Slam.));|earthshaker
https://cdn.akamai.steamstatic.com/apps/dota2/images/dota_react/icons/facets/ricochet.png|Resonating Ridge|Enemy heroes stunned by Fissure emit an echo to each nearby unit.||name,Fissure))description,));|earthshaker
https://cdn.akamai.steamstatic.com/apps/dota2/images/dota_react/icons/facets/armor_broken.png|Deconstruction|Natural Order drains Magic Resistance and Armor over time.||name,Natural Order))description,Every 1 s that enemy heroes stay under the effect of Natural Order, their armor is reduced by 0.8, and magic resistance is reduced by 0.8 %. Stacks up to 20 times.));|eldertitan
https://cdn.akamai.steamstatic.com/apps/dota2/images/dota_react/icons/facets/damage.png|Momentum|Elder Titan's Base Attack Speed is reduced but his Movement Speed also grants Attack Speed.|||eldertitan
https://cdn.akamai.steamstatic.com/apps/dota2/images/dota_react/icons/facets/fist.png|Double Impact|Sleight of Fist hits one of its targets an extra time.||name,Sleight of Fist))description,When Sleight of Fist connects with 2 or more enemies, the enemy closest to Ember Spirit will be attacked a second time. Damage for the second attack is reduced by 50 %.));|emberspirit
https://cdn.akamai.steamstatic.com/apps/dota2/images/dota_react/icons/facets/debuff.png|Chain Gang|Searing Chains can affect two additional enemies. When Searing Chains are cast, they are also cast around each Fire Remnant.||name,Searing Chains))description,Searing Chains can affect two additional enemies. When Searing Chains are cast, they are also cast around each Fire Remnant.))modifier,UNIT COUNT:2));|emberspirit
https://cdn.akamai.steamstatic.com/apps/dota2/images/dota_react/icons/facets/healing.png|Overprotective Wisps|Summon Healing Wisps upon receiving damage.||name,Nature's Attendants))description,Whenever Enchantress takes more than 275 damage from enemy heroes, 1 wisp appears for 4 s to heal her. A maximum of 4 overprotective wisps can exist at the same time.));|enchantress
https://cdn.akamai.steamstatic.com/apps/dota2/images/dota_react/icons/facets/range.png|Spellbound|Enchant and attacks on Enchanted targets have extra range.||name,Enchant))description,Cast Range of Enchant is increased. If the enemy is a hero, Enchantress and units she controls have increased attack range against the target.))modifier,ATTACK RANGE BONUS:100/150/200/250))modifier,CAST RANGE:50/100/150/200))modifier,ATTACK RANGE BONUS:0/0/0/0));|enchantress
https://cdn.akamai.steamstatic.com/apps/dota2/images/dota_react/icons/facets/slow.png|Event Horizon|Units in a 600 radius moving away from Enigma have a 8/12/16/20 % movespeed penalty.|||enigma
https://cdn.akamai.steamstatic.com/apps/dota2/images/dota_react/icons/facets/summons.png|Splitting Image|Enigma spawns Eidolons upon receiving damage.|Whenever Enigma takes more than ||enigma
https://cdn.akamai.steamstatic.com/apps/dota2/images/dota_react/icons/facets/area_of_effect.png|Chronosphere|Faceless Void can cast Chronosphere, trapping enemies in a sphere.|Pauses all units and buildings, friendly or enemy, except those owned by Faceless Void.|name,Chronosphere))description,Creates a blister in spacetime, trapping all units caught in its sphere of influence and causes you to move very quickly inside it. Only Faceless Void and any units he controls are unaffected. Invisible enemies in the sphere will be revealed.));|facelessvoid
https://cdn.akamai.steamstatic.com/apps/dota2/images/dota_react/icons/facets/chrono_cube.png|Time Zone|Faceless Void can cast Time Zone, dramatically slowing down enemies and speeding up allies in an area.||name,Time Zone))description,Creates a blister in spacetime, altering the movement, cast, projectile, cooldown, and turn rate speed of all units inside. Allies have increased speed and cooldown acceleration. Enemies have decreased speed, and have frozen ability and item cooldowns. Time Dilation does not tick down while inside.));|facelessvoid
https://cdn.akamai.steamstatic.com/apps/dota2/images/dota_react/icons/facets/area_of_effect.png|Inkstigate|Ink Swell can be manually detonated early.||name,Ink Swell))description,Ink Swell can be manually detonated early.))modifier,BUFF DURATION:1));|grimstroke
https://cdn.akamai.steamstatic.com/apps/dota2/images/dota_react/icons/facets/brush.png|Fine Art|Stroke of Fate additionally launches a reflected curved stroke from the right hand.||name,Stroke of Fate))description,Stroke of Fate additionally launches a reflected curved stroke from the right hand. Enemies can only be hit by one Stroke, but the bonus damage is cumulative.));|grimstroke
https://cdn.akamai.steamstatic.com/apps/dota2/images/dota_react/icons/facets/nuke.png|Secondary Strikes|Call Down creates delayed secondary explosions around heroes it hits.||name,Call Down))description,The delay between hits is decreased by 0.2 s. Any enemy hero hit by a call down missile strike will be marked, and another, tracking missile strike that has a 200 impact radius will be fired at them. This missile deals 50 % damage.))modifier,TIME BETWEEN STRIKES:0.2));|gyrocopter
https://cdn.akamai.steamstatic.com/apps/dota2/images/dota_react/icons/facets/speed.png|Afterburner|Every successful hit of a Rocket Barrage rocket on an enemy hero increases Gyrocopter's movement speed.||name,Rocket Barrage))description,Every successful hit of a Rocket Barrage rocket on an enemy hero increases Gyrocopter's movement speed.))modifier,MOVESPEED DURATION:4.5))modifier,MOVESPEED PER HIT:1/2/3/4))modifier,MOVESPEED PER HIT:0/0/0/0));|gyrocopter
https://cdn.akamai.steamstatic.com/apps/dota2/images/dota_react/icons/facets/range.png|Go Nuts|Scurry also provides bonus attack and cast range.||name,Scurry))description,Scurry also provides bonus attack and cast range.))modifier,ACTIVE CAST RANGE:75/150/225/300))modifier,ACTIVE ATTACK RANGE:75/150/225/300))modifier,ACTIVE CAST RANGE:0/0/0/0))modifier,ACTIVE ATTACK RANGE:0/0/0/0));|hoodwink
https://cdn.akamai.steamstatic.com/apps/dota2/images/dota_react/icons/facets/cooldown.png|Hipshot|Sharpshooter has a greatly reduced cooldown. Damage, debuff duration, turn time, and wind-up times are also reduced.||name,Sharpshooter))description,))modifier,MAX WIND-UP TIME:0.75))modifier,MAX DAMAGE:0.75))modifier,MAX DEBUFF DURATION:0.75))modifier,COOLDOWN:0.5));|hoodwink
https://cdn.akamai.steamstatic.com/apps/dota2/images/dota_react/icons/facets/broken_chain.png|Cauterize|Berserker's Blood can be activated for a health cost. Dispels Huskar, then after a delay, heals for the amount of health consumed plus an additional bonus per debuff dispelled.||name,Berserker's Blood))description,))modifier,CURRENT HP COST:30%))modifier,COOLDOWN:50/40/30/20))modifier,CAUTERIZE DELAY:3))modifier,MAX HP HEAL PER DEBUFF:5%))modifier,COOLDOWN:0/0/0/0));|huskar
https://cdn.akamai.steamstatic.com/apps/dota2/images/dota_react/icons/facets/damage.png|Incendiary|Burning Spears also burns enemies for a percentage of their max health. Costs Max Health instead of Current Health.||name,Burning Spear))description,))modifier,MAX HEALTH COST:4%))modifier,MAX HEALTH BURN:0.75%));|huskar
https://cdn.akamai.steamstatic.com/apps/dota2/images/dota_react/icons/facets/invoker_quas.png|Scholar of Koryx|Quas gains an additional max level. When Invoker reaches level 6, Quas gains an additional level. Aghanim's Scepter upgrades Ice Wall. Aghanim's Shard upgrades Ghost Walk.||name,Quas))description,Quas gains an additional max level. When Invoker reaches level 6, Quas gains an additional level.))modifier,MAX LEVEL:1));|invoker
https://cdn.akamai.steamstatic.com/apps/dota2/images/dota_react/icons/facets/invoker_wex.png|Mind of Tornarus|Wex gains an additional max level. When Invoker reaches level 6, Wex gains an additional level. Aghanim's Scepter upgrades Tornado. Aghanim's Shard upgrades E.M.P.||name,Wex))description,Wex gains an additional max level. When Invoker reaches level 6, Wex gains an additional level.))modifier,MAX LEVEL:1));|invoker
https://cdn.akamai.steamstatic.com/apps/dota2/images/dota_react/icons/facets/invoker_exort.png|Agent of Gallaron|Exort gains an additional max level. When Invoker reaches level 6, Exort gains an additional level. Aghanim's Scepter upgrades Sun Strike. Aghanim's Shard upgrades Sun Strike.||name,Exort))description,Exort gains an additional max level. When Invoker reaches level 6, Exort gains an additional level.))modifier,MAX LEVEL:1));|invoker
https://cdn.akamai.steamstatic.com/apps/dota2/images/dota_react/icons/facets/damage.png|Kritzkrieg|Overcharge grants attack speed and spell amplification to Io and any Tethered allies.||name,Overcharge))description,Overcharge grants attack speed and spell amplification to Io and any Tethered allies.))modifier,BONUS ATTACK SPEED:35/60/85/110))modifier,SPELL AMPLIFICATION:8%/10%/12%/14%))modifier,BONUS ATTACK SPEED:0/0/0/0))modifier,SPELL AMPLIFICATION:0%/0%/0%/0%));|io
https://cdn.akamai.steamstatic.com/apps/dota2/images/dota_react/icons/facets/armor.png|Medigun|Overcharge grants armor and magic resistance to Io and any Tethered allies.||name,Overcharge))description,Overcharge grants armor and magic resistance to Io and any Tethered allies.))modifier,BONUS ARMOR:4/7/10/13))modifier,BONUS MAGIC RESISTANCE:12%/18%/24%/30%))modifier,BONUS ARMOR:0/0/0/0))modifier,BONUS MAGIC RESISTANCE:0%/0%/0%/0%));|io
https://cdn.akamai.steamstatic.com/apps/dota2/images/dota_react/icons/facets/damage.png|Twin Terror|Jakiro deals more damage with his double attacks.||name,Double Trouble))description,))modifier,DAMAGE REDUCTION:40%/35%/30%/25%));|jakiro
https://cdn.akamai.steamstatic.com/apps/dota2/images/dota_react/icons/facets/snowflake.png|Ice Breaker|Ice Path lasts longer and detonates upon expiration, dealing damage and stunning enemies a second time. Ice Path can be manually detonated early.||name,Ice Path))description,Jakiro can choose to destroy the Ice Path at any time, stunning and damaging enemies again.))modifier,PATH DURATION:5/5/5/5))modifier,SECONDARY DAMAGE:50/100/150/200))modifier,SECONDARY STUN DURATION:0.5))modifier,SECONDARY DAMAGE:0/0/0/0));|jakiro
https://cdn.akamai.steamstatic.com/apps/dota2/images/dota_react/icons/facets/spinning.png|Bladestorm|Blade Fury can now critically strike based on the level of Blade Dance.||name,Blade Fury))description,Blade Fury can now critically strike based on the level of Blade Dance.));|juggernaut
https://cdn.akamai.steamstatic.com/apps/dota2/images/dota_react/icons/facets/agility.png|Bladeform|Juggernaut gains Agility and Movement Speed as long as he's not taking damage.|Grants a stack of Bladeform every ||juggernaut
https://cdn.akamai.steamstatic.com/apps/dota2/images/dota_react/icons/facets/slow.png||Grants the Solar Bind ability while active.|||keeperofthelight
https://cdn.akamai.steamstatic.com/apps/dota2/images/dota_react/icons/facets/teleport.png|Recall|This facet grants the ability Recall.|If Keeper of the Light dies, the spell effect is interrupted.||keeperofthelight
https://cdn.akamai.steamstatic.com/apps/dota2/images/dota_react/icons/facets/kez_flutter.png|Flutter|Kez deals extra damage on the first attack or ability after switching to Katana, and gains bonus movement speed after switching to Sai.||name,Kazurai Katana))description,));name,Switch Discipline))description,Kez deals extra damage on the first attack or ability after switching to Katana, and gains bonus speed after switching to Sai.))modifier,KATANA SWAP BONUS DAMAGE:12%))modifier,SAI SWAP MOVEMENT SPEED:12%))modifier,SAI SWAP SPEED DURATION:2));|kez
https://cdn.akamai.steamstatic.com/apps/dota2/images/dota_react/icons/facets/kez_shadowhawk.png|Shadowhawk|Triggering a Shodo Sai Mark from invisibility deals bonus critical damage. Increases Raven's Veil invisibility duration.|||kez
https://cdn.akamai.steamstatic.com/apps/dota2/images/dota_react/icons/facets/cooldown.png|High Tide|Tidebringer cooldown is reduced per enemy hero it hits.||name,Tidebringer))description,Tidebringer cooldown is reduced per enemy hero it hits.))modifier,HERO HIT COOLDOWN REDUCTION:0.8));|kunkka
https://cdn.akamai.steamstatic.com/apps/dota2/images/dota_react/icons/facets/armor.png|Grog Blossom|When X Marks the Spot returns its target, Kunkka and all nearby allies gain Ghostship's Admiral's Rum buff.||name,X Marks the Spot))description,When X Marks the Spot returns its target, Kunkka and allies near the return spot gain Ghostship's Admiral's Rum buff.))modifier,RUM SPLASH RADIUS:400))modifier,RUM DURATION:3));|kunkka
https://cdn.akamai.steamstatic.com/apps/dota2/images/dota_react/icons/facets/armor.png|Stonehall Plate|Overwhelming Odds grants an all damage barrier based on the damage it deals to enemy heroes.||name,Overwhelming Odds))description,Overwhelming Odds grants an all damage barrier based on the damage it deals to enemy heroes.))modifier,DAMAGE TO BARRIER:40%))modifier,BARRIER DURATION:6));|legioncommander
https://cdn.akamai.steamstatic.com/apps/dota2/images/dota_react/icons/facets/damage.png|Spoils of War|When a Duel is won, units that damaged the loser during the Duel will gain permanent bonus damage. If Legion Commander won the Duel, she will automatically cast Press the Attack on herself and assisting allies.||name,Duel))description,When a Duel is won, units that damaged the loser during the Duel will gain permanent bonus damage. If Legion Commander won the Duel, she will automatically cast Press the Attack on herself. Assisting allies will also receive a Press the Attack buff with duration decreased by 50 %.))modifier,ASSIST BONUS DAMAGE:5/10/15))modifier,ASSIST BONUS DAMAGE:0/0/0));|legioncommander
https://cdn.akamai.steamstatic.com/apps/dota2/images/dota_react/icons/facets/mana.png|Chronoptic Nourishment|Leshrac's attacks restore mana.|||leshrac
https://cdn.akamai.steamstatic.com/apps/dota2/images/dota_react/icons/facets/nuke.png|Misanthropy|Diabolic Edict explosion rate increased but it no longer damages buildings.||name,Diabolic Edict))description,Diabolic Edict hits enemies with an increased explosion rate but it no longer damages buildings.))modifier,DURATION:6));|leshrac
https://cdn.akamai.steamstatic.com/apps/dota2/images/dota_react/icons/facets/cooldown.png|Growing Cold|When an enemy is killed by Chain Frost or while under the effect of Frost Shield, the duration of these abilities is extended.||name,Frost Shield))description,))modifier,BONUS DURATION ON HERO KILL:4))modifier,BONUS DURATION ON CREEP KILL:1));name,Chain Frost))description,Chain Frost lingers on its last target if it fails to bounce and can bounce again if new targets become available.))modifier,BONUS JUMPS ON HERO KILL:3))modifier,BONUS JUMPS ON CREEP KILL:1));|lich
https://cdn.akamai.steamstatic.com/apps/dota2/images/dota_react/icons/facets/vision.png|Evil Eye|Sinister Gaze applies a lingering effect to the target, causing it to take extra magic damage from Lich and amplify incoming movement slows.||name,Sinister Gaze))description,))modifier,BONUS DAMAGE:15/20/25/30))modifier,SLOW RESISTANCE REDUCTION:50%))modifier,BONUS DAMAGE:0/0/0/0));|lich
https://cdn.akamai.steamstatic.com/apps/dota2/images/dota_react/icons/facets/full_heart.png|Fleshfeast|Feast's max HP per hero kill is increased. Open Wounds' cooldown is refreshed if a unit dies while afflicted by Open Wounds.||name,Open Wounds))description,));name,Feast))description,))modifier,MAX HP PER HERO KILL:15/20/25/30));|lifestealer
https://cdn.akamai.steamstatic.com/apps/dota2/images/dota_react/icons/facets/area_of_effect.png|Gorestorm|Consuming a creep with Infest drenches enemies in blood which deals damage over time based on the host's remaining health. Infest can be used on Ancient creeps.||name,Infest))description,))modifier,REMAINING HEALTH AS GORESTORM DAMAGE:30%))modifier,GORESTORM DURATION:3));|lifestealer
https://cdn.akamai.steamstatic.com/apps/dota2/images/dota_react/icons/facets/damage.png|Thermal Runaway|Casting Laguna Blade temporarily supercharges Lina, granting her stacks of Fiery Soul.||name,Laguna Blade))description,Casting Laguna Blade temporarily supercharges Lina, granting her stacks of Fiery Soul.))modifier,SUPERCHARGE DURATION:5))modifier,SUPERCHARGE STACKS:10/11/12))modifier,SUPERCHARGE STACKS:0/0/0));|lina
https://cdn.akamai.steamstatic.com/apps/dota2/images/dota_react/icons/facets/nuke.png|Slow Burn|Lina's spells deal extra damage over time.|||lina
https://cdn.akamai.steamstatic.com/apps/dota2/images/dota_react/icons/facets/nuke.png|Essence Eater|Mana Drain deals damage equal to 100 % of mana stolen.||name,Mana Drain))description,Mana Drain deals damage equal to 100 % of mana stolen.));|lion
https://cdn.akamai.steamstatic.com/apps/dota2/images/dota_react/icons/facets/fist.png|Fist of Death|Lion gains a strong Melee cleaving attack after casting Finger of Death.||name,Finger of Death))description,After casting Finger of Death, Lion switches from ranged to melee attacks and gains bonus damage and cleave. Enemy heroes killed within 3 s of being punched will add Finger of Death stacks.))modifier,FIST DURATION:20))modifier,FIST DAMAGE BONUS:40))modifier,FIST DAMAGE BONUS PER STACK:30))modifier,CLEAVE DAMAGE:50%));|lion
https://cdn.akamai.steamstatic.com/apps/dota2/images/dota_react/icons/facets/healing.png|Bear with Me|Spirit Link's Shared Armor is increased and Lone Druid's attacks heal the Spirit Bear.||name,Spirit Link))description,Shared Armor increased. Damage dealt by either the Spirit Bear or Lone Druid will heal the other.))modifier,ARMOR SHARED:25%));|lonedruid
https://cdn.akamai.steamstatic.com/apps/dota2/images/dota_react/icons/facets/item.png|Bear Necessities|Lone Druid's items are more powerful and his inventory is smaller.|The following attributes can be increased:||lonedruid
https://cdn.akamai.steamstatic.com/apps/dota2/images/dota_react/icons/facets/armor.png|Moonshield|Lunar Orbit provide damage reduction while active.||name,Lunar Orbit))description,))modifier,DAMAGE REDUCTION:15%/20%/25%/30%))modifier,DAMAGE REDUCTION:0%/0%/0%/0%));|luna
https://cdn.akamai.steamstatic.com/apps/dota2/images/dota_react/icons/facets/damage.png|Moonstorm|Hitting enemies with Lucent Beams or Eclipse grants Luna bonus attack damage.||name,Lucent Beam))description,))modifier,DAMAGE BUFF DURATION:15))modifier,DAMAGE BUFF PER BEAM:4/7/10/13))modifier,DAMAGE BUFF PER BEAM:0/0/0/0));|luna
https://cdn.akamai.steamstatic.com/apps/dota2/images/dota_react/icons/facets/summons.png|Pack Leader|Enemy heroes killed by Lycan or his units extend Shapeshift duration.||name,Shapeshift))description,Movement and critical strike bonuses are also applied to all units under Lycan's control. Enemy heroes killed by Lycan or his units extends Shapeshift duration by 5 s.));|lycan
https://cdn.akamai.steamstatic.com/apps/dota2/images/dota_react/icons/facets/spirit.png|Spirit Wolves|Summon Wolves creates invulnerable non-attacking wolves that buff Lycan's health and attack damage.||name,Summon Wolves))description,Summoned Wolves are invulnerable and uncontrollable spirits that do not attack, but provide health and damage bonuses to Lycan.))modifier,DURATION:25))modifier,BASE ATTACK TIME:0/0/0/0/0/0))modifier,DAMAGE:0/0/0/0/0/0))modifier,HP:0/0/0/0/0/0))modifier,BONUS HEALTH PER WOLF:60/120/180/240))modifier,BASE DAMAGE INCREASE PER WOLF:6/12/18/24))modifier,BONUS HEALTH PER WOLF:0/0/0/0))modifier,BASE DAMAGE INCREASE PER WOLF:0/0/0/0));|lycan
https://cdn.akamai.steamstatic.com/apps/dota2/images/dota_react/icons/facets/wolf.png|Alpha Wolves|Increases the max level of Summon Wolves while lowering the max level of Howl and Feral Impulse.||name,Summon Wolves))description,Max Level increased to 2. Level 5 wolves gain Hamstring, which empowers their attacks to root enemies and cause them to take more physical damage on attacks. Level 6 wolves have Hightail, an active ability that gives wolves phased movement, evasion, movespeed, and attack speed.));name,Howl))description,Max level decreased to 1.));name,Feral Impulse))description,Max level decreased to 1.));|lycan
https://cdn.akamai.steamstatic.com/apps/dota2/images/dota_react/icons/facets/empower.png|Eternal Empowerment|Empower is always on Magnus. Each subsequent attack increases its power.||name,Empower))description,));|magnus
https://cdn.akamai.steamstatic.com/apps/dota2/images/dota_react/icons/facets/ricochet.png|Diminishing Return|Increases the max level of Shockwave. Level 5 Shockwave causes it to return towards Magnus's location.||name,Shockwave))description,));|magnus
https://cdn.akamai.steamstatic.com/apps/dota2/images/dota_react/icons/facets/twin_hearts.png|Buddy System|While bodyguarded, Marci and her partner share a portion of health healed by this ability with each other.||name,Bodyguard))description,));|marci
https://cdn.akamai.steamstatic.com/apps/dota2/images/dota_react/icons/facets/ricochet.png|Pick-me-up|Rebound can be alt-cast to bring Marci's ally with her after the jump.||name,Rebound))description,));|marci
https://cdn.akamai.steamstatic.com/apps/dota2/images/dota_react/icons/facets/fist.png|Fleeting Fury|Upon landing with Rebound, Marci gains a Fury combo.||name,Rebound))description,));|marci
https://cdn.akamai.steamstatic.com/apps/dota2/images/dota_react/icons/facets/healing.png|Victory Feast|Mars and his allies gain health, mana, and attack damage when an enemy inside his Arena of Blood dies.||name,Arena Of Blood))description,If Mars is in the Arena when an enemy dies inside of it, he restores 30 % of his max health and mana and gets a 20 % attack damage buff for 20 s. Allies inside the Arena receive 50 % of the bonuses.));|mars
https://cdn.akamai.steamstatic.com/apps/dota2/images/dota_react/icons/facets/no_vision.png|Blood Sport|Enemies inside the Arena of Blood don't have vision outside the arena.||name,Arena Of Blood))description,Arena of Blood obscures vision and enemies within the arena do not share vision with their allies.));|mars
https://cdn.akamai.steamstatic.com/apps/dota2/images/dota_react/icons/facets/snake.png|Engorged|Mystic Snake grants Medusa attack damage.||name,Mystic Snake))description,Mystic Snakes returning to Medusa empower her next 3 attacks with +1 additional damage for each 6 mana restored. Lasts up to 5 s.));|medusa
https://cdn.akamai.steamstatic.com/apps/dota2/images/dota_react/icons/facets/slow.png|Venomous Volley|Every 6 attacks, Medusa applies poison to her arrow that briefly reduces movement speed and attack speed.|Poisoned attack is considered an on-hit effect for Split Shot.||medusa
https://cdn.akamai.steamstatic.com/apps/dota2/images/dota_react/icons/facets/speed.png|Undulation|Medusa's movement speed is fixed at 310 ( 465 during Stone Gaze). Medusa is unslowable and does not benefit from movement speed increases.|Medusa can still benefit from movement speed bonuses from stream currents.||medusa
https://cdn.akamai.steamstatic.com/apps/dota2/images/dota_react/icons/facets/summons.png|More Meepo|Obtain extra Meepos sooner and get 1 extra Meepo.||name,Divided We Stand))description,Can now be upgraded at level 3 and every 7 levels afterwards to a max level of 4. Duplicate Meepos receive 90 % of the main Meepo's bonus attributes.))modifier,NUMBER OF DUPLICATES:1/2/3/4))modifier,NUMBER OF DUPLICATES:0/0/0/0));|meepo
https://cdn.akamai.steamstatic.com/apps/dota2/images/dota_react/icons/facets/illusion.png|Codependent|Meepos increase other Meepos' attack speed and armor.||name,Divided We Stand))description,All Meepos have a stackable aura that increases nearby Meepos' attack speed by 5 % and armor by 1. Radius: 600.));|meepo
https://cdn.akamai.steamstatic.com/apps/dota2/images/dota_react/icons/facets/no_vision.png|Starstruck|Starstorm's second meteor deals more damage and blinds the target.||name,Starstorm))description,))modifier,SECOND METEOR DAMAGE:40%))modifier,BLIND MISS RATE:60%))modifier,BLIND DURATION:3));|mirana
https://cdn.akamai.steamstatic.com/apps/dota2/images/dota_react/icons/facets/slow.png|Leaps and Bounds|Upon landing, Leap roots targets in a 250 radius for 1.5/1.75/2/2.25 s.||name,Leap))description,));|mirana
https://cdn.akamai.steamstatic.com/apps/dota2/images/dota_react/icons/facets/tree.png|Simian Stride|Increases the max level of Tree Dance. Level 5 Tree Dance reduces the cooldown to zero.||name,Tree Dance))description,));|monkeyking
https://cdn.akamai.steamstatic.com/apps/dota2/images/dota_react/icons/facets/summons.png|Changing of the Guard|Monkey King can transform into one of his soldiers during Wukong's command.|||monkeyking
https://cdn.akamai.steamstatic.com/apps/dota2/images/dota_react/icons/facets/agility.png|Ebb|Morphling's Primary Attribute is now Agility. Waveform attacks enemies in his path.||name,Waveform))description,Waveform attacks enemies in his path. Does not apply on-hit effects.))modifier,ATTACK DAMAGE PERCENTAGE:50%));|morphling
https://cdn.akamai.steamstatic.com/apps/dota2/images/dota_react/icons/facets/strength.png|Flow|Morphling's Primary Attribute is now Strength. Adaptive Strike stuns based on Morphling's strength. Morphling gains 1 % Spell Amp per 4 Agility.|Break disables the Spell Amp per Agility.|name,Adaptive Strike))description,Adaptive Strike stuns based on Morphling's strength.))modifier,STUN MIN:0.5))modifier,STUN MAX:2.4));|morphling
https://cdn.akamai.steamstatic.com/apps/dota2/images/dota_react/icons/facets/spirit.png|Dance of the Dead|The Calling becomes stronger when heroes die inside it.||name,The Calling))description,Heroes killed inside The Calling refresh its duration, create another Revenant, and expand the radius of The Calling by 100.));|muerta
https://cdn.akamai.steamstatic.com/apps/dota2/images/dota_react/icons/facets/ricochet.png|Quickdraw|Dead Shot fears increase Gunslinger chance. Gunslinger procs reduce Dead Shot cooldown.||name,Dead Shot))description,));name,Gunslinger))description,));|muerta
https://cdn.akamai.steamstatic.com/apps/dota2/images/dota_react/icons/facets/armor_broken.png|Rip Tide|Every 6 attacks from Naga and her illusions, enemies around them are damaged and their Armor is reduced.|Using Rip Tide doesn't interrupt channeling.|name,Rip Tide))description,Naga Siren and her illusions deal bonus damage to enemies and reduce their armor for 4 seconds every 6 attacks.));|nagasiren
https://cdn.akamai.steamstatic.com/apps/dota2/images/dota_react/icons/facets/nuke.png|Deluge|Naga Siren can create a splash around herself and her illusions, damaging enemies and capping their max movement speed.|Casting Deluge doesn't interrupt channeling.|name,Deluge))description,Naga Siren and all of her images hit nearby units with a damaging wave of water that caps their max movement speed.));|nagasiren
https://cdn.akamai.steamstatic.com/apps/dota2/images/dota_react/icons/facets/healing.png|Soothing Saplings|After Sprout is cast, all trees in a 900 radius heal nearby allies.||name,Sprout))description,After Sprout is cast, all trees in a 900 radius emit an aura that heals nearby allies. Allied Tangos provide double the heal duration when consuming a tree created by Sprout.))modifier,HEAL PER SECOND:14/26/38/50))modifier,HEAL PER SECOND:0/0/0/0));|nature'sprophet
https://cdn.akamai.steamstatic.com/apps/dota2/images/dota_react/icons/facets/gold.png|Nature's Profit|Whenever Nature's Prophet kills an enemy hero or one dies nearby, a money tree is created in their place that drops gold bags to be collected.|||nature'sprophet
https://cdn.akamai.steamstatic.com/apps/dota2/images/dota_react/icons/facets/area_of_effect.png|Profane Potency|Sadist also grants Necrophos' AoE abilities and items bonus Radius per kill.||name,Sadist))description,Sadist also grants Necrophos' AoE abilities and items bonus Radius per kill.))modifier,AOE BONUS PER KILL:40));|necrophos
https://cdn.akamai.steamstatic.com/apps/dota2/images/dota_react/icons/facets/speed.png|Rapid Decay|Ghost Shroud steals speed from his enemies and decreases their restorative powers.||name,Ghost Shroud))description,Necrophos gains movement speed equal to 50 % of the movement speed lost by enemies. Enemies lose 100 % of the restoration amplification gained by Necrophos.));|necrophos
https://cdn.akamai.steamstatic.com/apps/dota2/images/dota_react/icons/facets/moon.png|Night Reign|The game now starts at night instead of day. Night is longer than day. Night Stalker starts with a bonus level of Hunter in the Night.||name,Hunter in the Night))description,))modifier,MOVE SPEED:10%/22%/28%/34%/40%))modifier,ATTACK SPEED:15/35/55/75/95));|nightstalker
https://cdn.akamai.steamstatic.com/apps/dota2/images/dota_react/icons/facets/area_of_effect.png|Voidbringer|Increases the max level of Void. Level 5 Void at night becomes ground targeted and applies to an area.||name,Void))description,))modifier,MOVE SLOW:50%/50%/50%/50%/60%))modifier,ATTACK SLOW:50/50/50/50/60));|nightstalker
https://cdn.akamai.steamstatic.com/apps/dota2/images/dota_react/icons/facets/nuke.png|Mana Burn|Mind Flare burns a percentage of the target's max mana.||name,Mind Flare))description,Mind Flare burns mana equal to a percentage of the target's max mana.))modifier,MANA BURNT:16%/19%/22%/25%))modifier,MANA BURNT:0%/0%/0%/0%));|nyxassassin
https://cdn.akamai.steamstatic.com/apps/dota2/images/dota_react/icons/facets/speed.png|Scuttle|For the first 15 s of Vendetta, Nyx Assassin is hasted and has unobstructed pathing.||name,Vendetta))description,For the first 15 s of Vendetta, Nyx is hasted and has unobstructed pathing.));|nyxassassin
https://cdn.akamai.steamstatic.com/apps/dota2/images/dota_react/icons/facets/rng.png|Fat Chance|Each point of Ogre Magi's Strength adds 0.06 % to Ogre Magi's Multicast chance.||name,Multicast))description,Each point of Ogre Magi's Strength adds 0.06 % to Ogre Magi's Multicast chance.));|ogremagi
https://cdn.akamai.steamstatic.com/apps/dota2/images/dota_react/icons/facets/ogre.png|Learning Curve|Level requirement of all spells and talents reduced by 1. You get 0 Ability Points at level one and 3 Ability Points at level two.||name,Dumb Luck))description,));|ogremagi
https://cdn.akamai.steamstatic.com/apps/dota2/images/dota_react/icons/facets/damage.png|Omnipresent|Omniknight deals more damage to heroes inside his Degen Aura.||name,Degen Aura))description,Omniknight's damage to a target is increased by 1 % for every 0.25 s they spend affected by the aura.))modifier,MAX BONUS DAMAGE:20%));|omniknight
https://cdn.akamai.steamstatic.com/apps/dota2/images/dota_react/icons/facets/healing.png|Healing Hammer|Ability damage done to enemies by Omniknight heals him over time.|||omniknight
https://cdn.akamai.steamstatic.com/apps/dota2/images/dota_react/icons/facets/nuke.png|Clairvoyant Curse|Spell amplification increased by 1 % per hero level.|||oracle
https://cdn.akamai.steamstatic.com/apps/dota2/images/dota_react/icons/facets/healing.png|Clairvoyant Cure|Heal amplification increased by 0.75 % per hero level.|||oracle
https://cdn.akamai.steamstatic.com/apps/dota2/images/dota_react/icons/facets/mana.png|Obsidian Decimator|When Essence Flux restores mana, it also temporarily increases maximum mana.||name,Essence Flux))description,When Essence Flux restores mana, it also temporarily increases maximum mana.))modifier,MAX MANA INCREASE:5%))modifier,MANA INCREASE DURATION:10));|outworlddestroyer
https://cdn.akamai.steamstatic.com/apps/dota2/images/dota_react/icons/facets/healing.png|Overwhelming Devourer|Heroes affected by Astral Imprisonment and Sanity's Eclipse heal Outworld Destroyer every time they cast a spell.||name,Astral Imprisonment))description,Affected Heroes gain a Mana Allergy Debuff for 5 seconds, healing Outworld Destroyer every time they cast a spell.))modifier,MANA AS HEAL:100%));name,Sanity's Eclipse))description,Affected Heroes gain a Mana Allergy Debuff for 7 seconds, healing Outworld Destroyer every time they cast a spell.))modifier,MANA AS HEAL:100%));|outworlddestroyer
https://cdn.akamai.steamstatic.com/apps/dota2/images/dota_react/icons/facets/double_bounce.png|Double Jump|Pangolier can double jump with Shield Crash dealing more damage and gaining more barrier.||name,Shield Crash))description,Pangolier can cast Shield Crash a second time mid-flight, dealing more damage and gaining more barrier. Longer flight time results in more damage and barrier increases.))modifier,MIN DAMAGE INCREASE:30%))modifier,MAX DAMAGE INCREASE:40%))modifier,MIN BARRIER INCREASE:30%))modifier,MAX BARRIER INCREASE:40%));|pangolier
https://cdn.akamai.steamstatic.com/apps/dota2/images/dota_react/icons/facets/speed.png|Thunderbolt|Rolling Thunder movement and turn speed increased, but duration is decreased.||name,Rolling Thunder))description,Rolling Thunder movement and turn speed increased, but duration is decreased.))modifier,ROLL SPEED:115))modifier,DURATION:1));|pangolier
https://cdn.akamai.steamstatic.com/apps/dota2/images/dota_react/icons/facets/skull.png|Methodical|Coup de Grace procs every 6 attacks on the same hero or 4 attacks on non hero units.||name,Coup de Grace))description,))modifier,CRITICAL DAMAGE:100%))modifier,ATTACKS TO TRIGGER:6));|phantomassassin
https://cdn.akamai.steamstatic.com/apps/dota2/images/dota_react/icons/facets/phantom_ass_dagger.png|Sweet Release|Stifling Dagger re-casts when an enemy dies.||name,Stifling Dagger))description,));|phantomassassin
https://cdn.akamai.steamstatic.com/apps/dota2/images/dota_react/icons/facets/summons.png|Divergence|Juxtapose Illusions spawn on random nearby units and deal more damage but can't be controlled.||name,Juxtapose))description,))modifier,ILLUSION DAMAGE:2%))modifier,SEARCH RADIUS:700));|phantomlancer
https://cdn.akamai.steamstatic.com/apps/dota2/images/dota_react/icons/facets/phantom_lance.png|Lancelot|Spirit Lances from Phantom Lancer's illusions deal 25 % Lance Damage.||name,Spirit Lance))description,));|phantomlancer
https://cdn.akamai.steamstatic.com/apps/dota2/images/dota_react/icons/facets/barrier.png|Dying Light|Phoenix deals 4.5 % of his missing health as magic damage to all enemies in a 400 radius every second.|||phoenix
https://cdn.akamai.steamstatic.com/apps/dota2/images/dota_react/icons/facets/nuke.png|Hotspot|Sun Ray deals more damage and applies more Blinding Sun stacks towards the tip of the ray.||name,Sun Ray))description,Sun Ray does more damage/heal and applies 2 x Blinding Sun stacks to targets near the end of the beam. Beam intensity starts increasing at half the beam length, up to 160 % of base damage/heal at 1200 range. Increasing Sun Ray length to beyond 1200 range will result in more than 160 % damage and healing.));|phoenix
https://cdn.akamai.steamstatic.com/apps/dota2/images/dota_react/icons/facets/broken_chain.png|Provoke the Beast|Gain 3 Uproar stacks upon being disabled by an enemy hero.||name,Uproar))description,));|primalbeast
https://cdn.akamai.steamstatic.com/apps/dota2/images/dota_react/icons/facets/area_of_effect.png|Ferocity|Each Pulverize slam increase Primal Beast's AoE.||name,Pulverize))description,));|primalbeast
https://cdn.akamai.steamstatic.com/apps/dota2/images/dota_react/icons/facets/movement.png|Jostling Rift|Waning Rift can push or pull targets.||name,Waning Rift))description,Waning Rift pushes enemies away. If the ability is in alt-cast state, it will pull them instead.))modifier,PUSH/PULL DISTANCE:75/100/125/150))modifier,PUSH/PULL DURATION:0.3))modifier,PUSH/PULL DISTANCE:0/0/0/0));|puck
https://cdn.akamai.steamstatic.com/apps/dota2/images/dota_react/icons/facets/curve_ball.png|Curveball|Puck's Illusory Orb can be curved in any direction, moves faster, deals more damage and lasts longer.||name,Illusory Orb))description,Illusory Orb can now be vector targeted to manipulate the orb's travel path. The orb moves faster, lasts longer, and deals an additional 5 % of it's damage every 0.5 s in it's area of effect, but if it exceeds the max cast range it will be destroyed.))modifier,SPEED:200))modifier,DURATION MULTIPLIER:100%));|puck
https://cdn.akamai.steamstatic.com/apps/dota2/images/dota_react/icons/facets/meat.png|Fresh Meat|Dismember increases Strength when dealing damage to heroes.||name,Dismember))description,Dismember increases Strength when dealing damage to heroes.))modifier,STRENGTH INCREASE:2/4/6))modifier,STRENGTH DURATION:12))modifier,STRENGTH INCREASE:0/0/0));|pudge
https://cdn.akamai.steamstatic.com/apps/dota2/images/dota_react/icons/facets/fist.png|Rotten Core|While Rot is activated, Pudge gains bonus attack damage every second.||name,Rot))description,))modifier,MAX BONUS ATTACK DAMAGE:20%/40%/60%/80%))modifier,TIME FOR MAX BONUS:5))modifier,MAX BONUS ATTACK DAMAGE:0/0/0/0));|pudge
https://cdn.akamai.steamstatic.com/apps/dota2/images/dota_react/icons/facets/healing.png|Siphoning Ward|Nether Ward restores mana and health to Pugna based on how much damage is dealt.||name,Nether Ward))description,Nether Ward restores mana and health to Pugna based on how much damage is dealt.))modifier,DAMAGE TO HP:30%))modifier,DAMAGE TO MANA:40%));|pugna
https://cdn.akamai.steamstatic.com/apps/dota2/images/dota_react/icons/facets/siege.png|Rewards of Ruin|Pugna receives 1.5 % spell amplification per destroyed tower.||name,Oblivion Savant))description,));|pugna
https://cdn.akamai.steamstatic.com/apps/dota2/images/dota_react/icons/facets/nuke.png|Masochist|Queen of Pain has bonus Spell Amplification but a percentage of her spell damage is reflected back to her.|||queenofpain
https://cdn.akamai.steamstatic.com/apps/dota2/images/dota_react/icons/facets/twin_hearts.png|Bondage|Queen of Pain returns spell damage back to enemies. Succubus's Spell Lifesteal also applies to Pure & Magical reflected damage.||name,Succubus))description,));|queenofpain
https://cdn.akamai.steamstatic.com/apps/dota2/images/dota_react/icons/facets/barrier.png|Thunderhead|Storm Surge lightning strikes more often and hits all units within Eye of the Storm's area of effect when it is active.||name,Storm Surge))description,While Eye of the Storm is active, strike chance is 2 x as high, strike cooldown is reduced by 2.5 s, and Lightning strikes all enemies within Eye of the Storm's radius. Does not apply to the same enemy twice from a single instance.));|razor
https://cdn.akamai.steamstatic.com/apps/dota2/images/dota_react/icons/facets/nuke.png|Dynamo|Razor gains 1.25 % spell amplification for every 20 points of attack damage.|||razor
https://cdn.akamai.steamstatic.com/apps/dota2/images/dota_react/icons/facets/xp.png|Contract Killer|Riki receives bonus experience for assists and kills.||name,Backstab))description,Riki receives bonus experience for assists and kills.))modifier,BONUS XP HERO KILL:25/150/250/350))modifier,BONUS XP ASSIST:25/75/125/175))modifier,BONUS XP WARD/COURIER KILL:25/75/125/175))modifier,BONUS XP HERO KILL:0/0/0/0))modifier,BONUS XP ASSIST:0/0/0/0))modifier,BONUS XP WARD/COURIER KILL:0/0/0/0));|riki
https://cdn.akamai.steamstatic.com/apps/dota2/images/dota_react/icons/facets/agility.png|Exterminator|Tricks of the Trade has 4.5 x Agility Bonus when attacking non-hero units. When Riki kills a non-hero unit during Tricks of the Trade, the cooldown is reduced by 0.75 s.||name,Tricks of the Trade))description,Tricks of the Trade has 4.5 x Agility Bonus when attacking non-hero units. When Riki kills a non-hero unit during Tricks of the Trade, the cooldown is reduced by 0.75 s.));|riki
https://cdn.akamai.steamstatic.com/apps/dota2/images/dota_react/icons/facets/whoopee_cushion.png|Carny Classics|Ringmaster's Souvenirs are Funhouse Mirror, Strongman Tonic, and Whoopee Cushion.||name,Dark Carnival Barker))description,));|ringmaster
https://cdn.akamai.steamstatic.com/apps/dota2/images/dota_react/icons/facets/pie.png|Sideshow Secrets|Ringmaster's Souvenirs are Crystal Ball, Unicycle, and Weighted Pie.||name,Dark Carnival Barker))description,Ringmaster's Souvenirs are Funhouse Mirror, Strongman Tonic, and Whoopee Cushion.));|ringmaster
https://cdn.akamai.steamstatic.com/apps/dota2/images/dota_react/icons/facets/mana.png|Frugal Filch|Stolen spells also have lower mana cost.||name,Spell Steal))description,Stolen spells also have lower mana cost.))modifier,STOLEN MANA COST REDUCTION:50%/65%/80%))modifier,STOLEN MANA COST REDUCTION:0%/0%/0%));|rubick
https://cdn.akamai.steamstatic.com/apps/dota2/images/dota_react/icons/facets/area_of_effect.png|Arcane Accumulation|Casting a spell temporarily increases the area of effect for all subsequent spells.||name,Arcane Supremacy))description,Casting a spell temporarily increases the area of effect for all subsequent spells.))modifier,AOE BONUS:25))modifier,AOE BONUS DURATION:20));|rubick
https://cdn.akamai.steamstatic.com/apps/dota2/images/dota_react/icons/facets/no_vision.png|Sandblast|When Sand King attacks enemies in Sand Storm, he applies a blinding debuff to his target.||name,Sand Storm))description,Sand Storm has increased radius and grants Sand King Invisibility while in it.))modifier,BLIND:20%/30%/40%/50%))modifier,BLIND DURATION:5))modifier,BLIND:0%/0%/0%/0%));|sandking
https://cdn.akamai.steamstatic.com/apps/dota2/images/dota_react/icons/facets/area_of_effect.png|Final Sting|A Caustic Finale explosion is created around every enemy hero hit in Stinger's innermost radius.||name,Stinger))description,));|sandking
https://cdn.akamai.steamstatic.com/apps/dota2/images/dota_react/icons/facets/nuke.png|Promulgate|Disseminate instantly removes a percentage of the opponent's health for its duration.||name,Disseminate))description,If the target is an enemy, they lose 9/11/13/15 % of their health, regaining half of it after the effect is lifted. If the target is an ally, increases their health by that amount instead.));|shadowdemon
https://cdn.akamai.steamstatic.com/apps/dota2/images/dota_react/icons/facets/illusion.png|Shadow Servant|Shadow Demon creates illusions of heroes that die near him.|Heroes killed by Shadow Demon spawn an illusion regardless of distance.||shadowdemon
https://cdn.akamai.steamstatic.com/apps/dota2/images/dota_react/icons/facets/armor_broken.png|Lasting Presence|Presence of the Dark Lord temporarily reduces more armor after nearby enemy heroes are killed. Every hero kill increases Necromastery's max souls by 1 until Shadow Fiend dies.||name,Presence of the Dark Lord))description,Presence of the Dark Lord temporarily reduces more armor after nearby enemy heroes are killed.))modifier,REDUCTION PER HERO:2))modifier,HERO REDUCTION DURATION:60));name,Necromastery))description,Every hero kill increases max souls by 1 until Shadow Fiend dies.));|shadowfiend
https://cdn.akamai.steamstatic.com/apps/dota2/images/dota_react/icons/facets/slow.png|Shadowmire|Shadowraze slows enemies.||name,Shadowraze))description,Applies a stacking 6/8/10/12 % movement speed debuff on enemies hit.));|shadowfiend
https://cdn.akamai.steamstatic.com/apps/dota2/images/dota_react/icons/facets/chicken.png|Chicken Fingers|Shadow Shaman's attacks can transform enemies into a chicken.|Talents that affect Hex also affects enemies transformed by Chicken Fingers.||shadowshaman
https://cdn.akamai.steamstatic.com/apps/dota2/images/dota_react/icons/facets/snake.png|Massive Serpent Ward|Summons a single massive Serpent Ward with 12 x damage and 10 x health and bounty values.||name,Mass Serpent Ward))description,))modifier,HITS TO DESTROY:20))modifier,WARD DAMAGE:12));|shadowshaman
https://cdn.akamai.steamstatic.com/apps/dota2/images/dota_react/icons/facets/ricochet.png|Synaptic Split|Increases the max level of Glaives of Wisdom. Level 5 Glaives of Wisdom bounce 1 time to a random target within 450 range.||name,Glaives of Wisdom))description,));|silencer
https://cdn.akamai.steamstatic.com/apps/dota2/images/dota_react/icons/facets/debuff.png|Suffer In Silence|Silencer takes less damage from and deals more damage to silenced targets.|||silencer
https://cdn.akamai.steamstatic.com/apps/dota2/images/dota_react/icons/facets/armor.png|Shield of the Scion|Skywrath Mage gains a magic damage barrier when dealing damage to heroes.|||skywrathmage
https://cdn.akamai.steamstatic.com/apps/dota2/images/dota_react/icons/facets/cooldown.png|Staff of the Scion|Skywrath Mage's Cooldowns are reduced when he deals spell damage to enemy heroes.|||skywrathmage
https://cdn.akamai.steamstatic.com/apps/dota2/images/dota_react/icons/facets/speed.png|Leg Day|Slardar has slow resistance and even more movement speed at the beginning of Guardian Sprint.||name,Guardian Sprint))description,Slardar has slow resistance and even more movement speed at the beginning of Guardian Sprint.))modifier,SPEED BURST MOVE SPEED:8%))modifier,SPEED BURST DURATION:2.5))modifier,SLOW RESISTANCE:100%));|slardar
https://cdn.akamai.steamstatic.com/apps/dota2/images/dota_react/icons/facets/armor.png|Brineguard|Corrosive Haze increases Slardar's armor by 50 % of the total armor reduced.||name,Corrosive Haze))description,Corrosive Haze increases Slardar's armor by 50 % of the total armor reduced.));|slardar
https://cdn.akamai.steamstatic.com/apps/dota2/images/dota_react/icons/facets/agility.png|Leeching Leash|Pounce applies stacks of Essence Shift when striking enemy heroes.||name,Pounce))description,Pounce applies stacks of Essence Shift when striking enemy heroes.))modifier,ESSENCE SHIFT STACKS:1/2/3/4))modifier,ESSENCE SHIFT STACKS:0/0/0/0));|slark
https://cdn.akamai.steamstatic.com/apps/dota2/images/dota_react/icons/facets/cooldown.png|Dark Reef Renegade|Barracuda lingers after being revealed to the enemy if Slark is not nearby allied heroes. Slark's attacks reduce the target's armor while Slark is under the effects of Barracuda.||name,Barracuda))description,Barracuda lingers after being revealed to the enemy if Slark is not nearby allied heroes. Slark's attacks reduce the target's armor while Slark is under the effects of Barracuda.))modifier,LINGER SEARCH RADIUS:900))modifier,LINGER DURATION:2))modifier,ARMOR REDUCTION:1/2/3/4))modifier,ARMOR REDUCTION DURATION:2))modifier,ARMOR REDUCTION:0/0/0/0));|slark
https://cdn.akamai.steamstatic.com/apps/dota2/images/dota_react/icons/facets/ricochet.png|Ricochet II|Whenever Snapfire glances or misses an attack, 2 ricochet attacks will bounce towards nearby enemies.||name,Buckshot))description,Whenever Snapfire glances or misses an attack, 2 ricochet attacks will bounce towards nearby enemies.))modifier,RICOCHET ATTACK DAMAGE:75%));|snapfire
https://cdn.akamai.steamstatic.com/apps/dota2/images/dota_react/icons/facets/range.png|Full Bore|Scatterblast is narrower and longer. Bonus damage and slow when enemies are not in point blank range.||name,Scatterblast))description,Scatterblast is narrower and longer. Bonus damage and slow when enemies are not in point blank range.))modifier,POINT-BLANK RANGE:650));|snapfire
https://cdn.akamai.steamstatic.com/apps/dota2/images/dota_react/icons/facets/vision.png|Ghillie Suit|While Take Aim is active, Sniper's attacks do not reveal him from fog of war.||name,Take Aim))description,While Take Aim is active, Sniper's attacks do not reveal him from fog of war.));|sniper
https://cdn.akamai.steamstatic.com/apps/dota2/images/dota_react/icons/facets/nuke.png|Scattershot|Shrapnel slow and damage are increased, but duration is decreased.||name,Shrapnel))description,Shrapnel slow and damage are increased, but duration is decreased.))modifier,MOVEMENT SLOW:-30%/-45%/-60%/-75%))modifier,DAMAGE:90/160/230/300))modifier,DURATION:1));|sniper
https://cdn.akamai.steamstatic.com/apps/dota2/images/dota_react/icons/facets/spectre.png|Forsaken|Spectre deals 2 x damage with Desolate. Spectre's illusions no longer have Desolate.||name,Desolate))description,Spectre deals 2 x damage with Desolate. Spectre's illusions no longer have Desolate.))modifier,BONUS DAMAGE:2));|spectre
https://cdn.akamai.steamstatic.com/apps/dota2/images/dota_react/icons/facets/nuke.png|Twist the Knife|Reality also casts Spectral Dagger on the Haunt illusion's target.|||spectre
https://cdn.akamai.steamstatic.com/apps/dota2/images/dota_react/icons/facets/speed.png|Bull Rush|Charge of Darkness bonus movement speed lingers after charge ends.||name,Charge of Darkness))description,Charge of Darkness bonus movement speed lingers after charge ends.))modifier,MIN LINGER TIME:0.5))modifier,MAX LINGER TIME:2.5))modifier,CHARGE FOR MAX LINGER:5));|spiritbreaker
https://cdn.akamai.steamstatic.com/apps/dota2/images/dota_react/icons/facets/rng.png|Bull's Hit|Greater Bash chance is increased if you've bashed more than one hero recently.||name,Greater Bash))description,));|spiritbreaker
https://cdn.akamai.steamstatic.com/apps/dota2/images/dota_react/icons/facets/nuke.png|Shock Collar|Electric Vortex applies a debuff that triggers an Overload Charge if they attack.||name,Electric Vortex))description,Electric Vortex applies a debuff to the enemy that lasts for 5 s making their next attack target themself and trigger an Overload Charge.));|stormspirit
https://cdn.akamai.steamstatic.com/apps/dota2/images/dota_react/icons/facets/movement.png|Static Slide|Static Remnants spawn at Storm Spirit and move to the target position.||name,Static Remnant))description,Static Remnants spawn at Storm Spirit and move to the target position.))modifier,REMNANT SPEED:300))modifier,VISION RADIUS:100));|stormspirit
https://cdn.akamai.steamstatic.com/apps/dota2/images/dota_react/icons/facets/armor.png|Heavy Plate|Warcry provides a physical damage barrier.||name,Warcry))description,Warcry provides a physical damage barrier.))modifier,PHYSICAL BARRIER AMOUNT:70/140/210/280))modifier,PHYSICAL BARRIER AMOUNT:0/0/0/0));|sven
https://cdn.akamai.steamstatic.com/apps/dota2/images/dota_react/icons/facets/strength.png|Wrath of God|Sven gains additional attack damage from Strength.|||sven
https://cdn.akamai.steamstatic.com/apps/dota2/images/dota_react/icons/facets/range.png|Squee's Scope|Techies gains 1 attack range and attack projectile speed for each point of attack speed.|||techies
https://cdn.akamai.steamstatic.com/apps/dota2/images/dota_react/icons/facets/nuke.png|Spleen's Secret Sauce|Increased Blast Off! damage and self damage.||name,Blast Off!))description,Increased Blast Off! damage and self damage.))modifier,MAX HP AS BONUS DAMAGE:15%));|techies
https://cdn.akamai.steamstatic.com/apps/dota2/images/dota_react/icons/facets/item.png|Spoon's Stash|Techies stack all previously selected Enchantments onto newly crafted Neutral Items.|Only one Tier 5 Enchantment can be stacked after crafting your second Tier 5 Neutral Item.||techies
https://cdn.akamai.steamstatic.com/apps/dota2/images/dota_react/icons/facets/ricochet.png|Voidblades|Meld bonus damage and armor reductions are applied to all enemies in the Psi Blades split range.||name,Psi Blades))description,));|templarassassin
https://cdn.akamai.steamstatic.com/apps/dota2/images/dota_react/icons/facets/damage.png|Refractor|Refraction gains a damage charge every time a shield charge gets consumed.||name,Refraction))description,Whenever a shield instance is consumed, Templar Assassin gains a damage instance.));|templarassassin
https://cdn.akamai.steamstatic.com/apps/dota2/images/dota_react/icons/facets/range.png|Hidden Reach|When in Meld, Templar increases her attack range by up to an additional 400 range over 1 s.||name,Meld))description,When in Meld, Templar increases her attack range by up to an additional 400 range over 1 s.));|templarassassin
https://cdn.akamai.steamstatic.com/apps/dota2/images/dota_react/icons/facets/twin_hearts.png|Condemned|There is no minimum health threshold for Sundered enemies.||name,Sunder))description,There is no minimum health threshold for Sundered enemies.));|terrorblade
https://cdn.akamai.steamstatic.com/apps/dota2/images/dota_react/icons/facets/illusion.png|Soul Fragment|Conjure Image illusions always spawn at full health and cost health instead of mana.||name,Conjure Image))description,Conjure Image illusions always spawn at full health and cost health instead of mana.))modifier,CURRENT HP COST:15%));|terrorblade
https://cdn.akamai.steamstatic.com/apps/dota2/images/dota_react/icons/facets/armor.png|Kraken Swell|Kraken Shell gains permanent Damage Block when an enemy hero dies under the effects of Anchor Smash.||name,Kraken Shell))description,Kraken Shell gains permanent Damage Block when an enemy hero dies under the effects of Anchor Smash.))modifier,DAMAGE BLOCK PER KILL:1/2/3/4))modifier,DAMAGE BLOCK PER KILL:0/0/0/0));|tidehunter
https://cdn.akamai.steamstatic.com/apps/dota2/images/dota_react/icons/facets/overshadow.png|Krill Eater|Tidehunter grows larger and gains extra bonuses per level.|||tidehunter
https://cdn.akamai.steamstatic.com/apps/dota2/images/dota_react/icons/facets/tree.png|Shredder|Timber Chain splinters the tree into all directions around Timbersaw.||name,Timber Chain))description,When Timbersaw collides with the target tree, it shatters, sending 10 splinters in all directions, up to 700 distance. If a splinter hits an enemy, they take damage and are slowed for a brief duration.))modifier,SPLINTER DAMAGE:20/40/60/80))modifier,SPLINTER SLOW DURATION:1))modifier,SPLINTER SLOW:30%/40%/50%/60%))modifier,SPLINTER DAMAGE:0/0/0/0))modifier,SPLINTER SLOW:0%/0%/0%/0%));|timbersaw
https://cdn.akamai.steamstatic.com/apps/dota2/images/dota_react/icons/facets/spinning.png|Twisted Chakram|This facet grants the ability Twisted Chakram.||name,Twisted Chakram))description,Launches a second independent Chakram that follows a curved path and returns to Timbersaw, damaging and slowing enemies it passes through. Enemies caught in the saw blade will move more slowly for every 5 % of health missing.));|timbersaw
https://cdn.akamai.steamstatic.com/apps/dota2/images/dota_react/icons/facets/healing.png|Repair Bots|March of the Machines applies a non-stacking heal over time when passing through allied heroes.||name,March of the Machines))description,March of the Machines applies a non-stacking heal over time when passing through allied heroes.))modifier,HEAL PER SECOND:14/21/28/35))modifier,HEAL DURATION:4))modifier,HEAL PER SECOND:0/0/0/0));|tinker
https://cdn.akamai.steamstatic.com/apps/dota2/images/dota_react/icons/facets/movement.png|Translocator|When a Self-Defense Matrix barrier on Tinker is fully absorbed, he blinks in a random forward direction. DISPEL TYPE: Basic Dispel||name,Defense Matrix))description,When a Self-Defense Matrix barrier on Tinker is fully absorbed, he blinks in a random forward direction. DISPEL TYPE: Basic Dispel))modifier,BLINK RANGE:350));|tinker
https://cdn.akamai.steamstatic.com/apps/dota2/images/dota_react/icons/facets/nuke.png|Crash Landing|Tossed units slow and deal bonus damage to other targets at the Toss destination.||name,Toss))description,Tossed units slow and deal bonus damage to other targets at the Toss destination.))modifier,RADIUS:400))modifier,MOVEMENT SLOW:20%/25%/30%/35%))modifier,ATTACK SLOW:15/25/35/45))modifier,BONUS LANDING DAMAGE:20%))modifier,SLOW DURATION:2.5))modifier,MOVEMENT SLOW:0%/0%/0%/0%))modifier,ATTACK SLOW:0/0/0/0));|tiny
https://cdn.akamai.steamstatic.com/apps/dota2/images/dota_react/icons/facets/armor.png|Insurmountable|Tiny gains Status and Slow Resistance from Strength. Slow Resistance also reduces the impact of Attack Speed slows.|Insurmountable does not reduce the effect of Grow's Attack Speed Reduction.||tiny
https://cdn.akamai.steamstatic.com/apps/dota2/images/dota_react/icons/facets/damage.png|Primeval Power|Treant gains + 6 base attack damage per hero level.|||treantprotector
https://cdn.akamai.steamstatic.com/apps/dota2/images/dota_react/icons/facets/tree.png|Sapling|Leech Seed can be ground targeted to plant a tree.||name,Leech Seed))description,Leech Seed can be ground targeted, planting a tree that heals allies and damages all enemies in the effect radius for the duration of the ability. Damage to creeps is reduced by 50 %. If the tree is cut down, it immediately re-grows again.));|treantprotector
https://cdn.akamai.steamstatic.com/apps/dota2/images/dota_react/icons/facets/armor.png|Insensitive|Fervor grants armor per stack while in melee form.||name,Fervor))description,Fervor grants armor per stack while in melee form.))modifier,ARMOR PER STACK:1));|trollwarlord
https://cdn.akamai.steamstatic.com/apps/dota2/images/dota_react/icons/facets/damage.png|Bad Influence|During Battle Trance, Troll Warlord has increased max Fervor stacks and no attack speed limit. Battle Trance grants allied heroes 50 % of the attack speed bonus.||name,Fervor))description,));name,Battle Trance))description,During Battle Trance, Troll Warlord has increased max Fervor stacks and no attack speed limit. Battle Trance grants allied heroes 50 % of the attack speed bonus.))modifier,BATTLE TRANCE MAX FERVOR STACKS:12));|trollwarlord
https://cdn.akamai.steamstatic.com/apps/dota2/images/dota_react/icons/facets/damage.png|Tag Team|Tusk can cast Tag Team causing nearby enemies to receive bonus damage from attacks.|Affects attacks from allied heroes, Tusk or any of his units.|name,Tag Team))description,Activate to temporarily apply a negative debuff aura around you, causing enemies that are attacked under it to take bonus physical damage and reduced movement speed. Lasts 6 seconds.));|tusk
https://cdn.akamai.steamstatic.com/apps/dota2/images/dota_react/icons/facets/movement.png|Drinking Buddies|Tusk can cast Drinking Buddies, pulling him and a teammate closer and granting both bonus Movement Speed and Attack Damage.|Doesn't pull Tusk or targeted ally if they are within |name,Drinking Buddies))description,Tusk reaches out to tag an allied unit, pulling them closer. Once tagged, both Tusk and his tagged ally gain movement speed and attack damage. Can be put on alt-cast to only pull Tusk towards his ally with 50 % reduced cast range.));|tusk
https://cdn.akamai.steamstatic.com/apps/dota2/images/dota_react/icons/facets/area_of_effect.png|Demon's Reach|Underlord's attacks cleave while he has bonus damage from Atrophy Aura.||name,Atrophy Aura))description,Underlord's attacks cleave while he has bonus damage from Atrophy Aura.))modifier,CLEAVE DAMAGE:35%))modifier,CLEAVE DISTANCE (BASE):100))modifier,CLEAVE DISTANCE (PER STACK):5));name,Fiend's Gate))description,));|underlord
https://cdn.akamai.steamstatic.com/apps/dota2/images/dota_react/icons/facets/summons.png|Abyssal Horde|Fiend's Gate periodically summons minions.|||underlord
https://cdn.akamai.steamstatic.com/apps/dota2/images/dota_react/icons/facets/summons.png|Rotting Mitts|While transformed into a Flesh Golem, attacks spawn a zombie.||name,Flesh Golem))description,While transformed into a Flesh Golem, attacks spawn a zombie.))modifier,ZOMBIE DURATION:15));|undying
https://cdn.akamai.steamstatic.com/apps/dota2/images/dota_react/icons/facets/strength.png|Ripped|Casting Soul Rip on allies increases their Strength by a percentage of Undying's Strength.||name,Soul Rip))description,Casting Soul Rip on allies increases their Strength by a percentage of Undying's Strength.))modifier,STRENGTH GAIN:10%))modifier,DURATION:10));|undying
https://cdn.akamai.steamstatic.com/apps/dota2/images/dota_react/icons/facets/damage.png|Grudge Bearer|When damaged during Enrage, Ursa gains bonus attack damage.||name,Enrage))description,When damaged during Enrage, Ursa gains bonus attack damage.))modifier,DAMAGE ABSORBED TO DAMAGE:5%))modifier,DAMAGE INCREASE LINGER DURATION:5));|ursa
https://cdn.akamai.steamstatic.com/apps/dota2/images/dota_react/icons/facets/cooldown.png|Bear Down|Debuffs inflicted by Ursa last longer.|||ursa
https://cdn.akamai.steamstatic.com/apps/dota2/images/dota_react/icons/facets/nuke.png|Avenging Missile|Magic Missile deals 0.75 bonus damage for every creep the enemy has killed.||name,Magic Missile))description,Magic Missile deals 0.75 bonus damage for every creep the enemy has killed.));|vengefulspirit
https://cdn.akamai.steamstatic.com/apps/dota2/images/dota_react/icons/facets/fist.png|Soul Strike|Vengeful Spirit's ranged attacks behave as if they were melee attacks.|||vengefulspirit
https://cdn.akamai.steamstatic.com/apps/dota2/images/dota_react/icons/facets/snot.png|Patient Zero|Noxious Plague spreads again.||name,Noxious Plague))description,Noxious Plague spreads 1 times. Impact damage for spreads after the first one is reduced by 100 %.));|venomancer
https://cdn.akamai.steamstatic.com/apps/dota2/images/dota_react/icons/facets/summons.png|Plague Carrier|When Venomous Gale impacts enemy heroes, 2 Plague Wards are created around them. Plague Wards also deal Septic Shock damage based on their attack damage.||name,Venomous Gale))description,When Venomous Gale impacts enemy heroes, 2 Plague Wards are created around them based on the current level of Plague Ward.));name,Septic Shock))description,Plague Wards also deal Septic Shock damage based on their attack damage.));|venomancer
https://cdn.akamai.steamstatic.com/apps/dota2/images/dota_react/icons/facets/area_of_effect.png|Poison Burst|After Poison Attack stacks expire, enemies around the target take additional damage.||name,Poison Attack))description,After Poison Attack stacks expire, enemies around the target take additional damage equal to 100 % of the magic damage dealt by Poison Attack.))modifier,RADIUS:300));|viper
https://cdn.akamai.steamstatic.com/apps/dota2/images/dota_react/icons/facets/armor.png|Caustic Bath|Viper's Corrosive Skin effects are increased while he is in Nethertoxin.||name,Corrosive Skin))description,Viper's Corrosive Skin Magic Resistance and Damage per Second are increased while he is in Nethertoxin, up to 100 % increased effect after 4 s.));|viper
https://cdn.akamai.steamstatic.com/apps/dota2/images/dota_react/icons/facets/area_of_effect.png|Sepulchre|Grave Chill also affects units around the target. Visage can also recall his familiars.||name,Grave Chill))description,Grave Chill also affects units around the target.))modifier,AOE:300))modifier,SECONDARY TARGET PENALTY:70%));|visage
https://cdn.akamai.steamstatic.com/apps/dota2/images/dota_react/icons/facets/summons.png|Faithful Followers|Familiars automatically move with Visage and attack his targets.||name,Summon Familiars))description,Familiars will automatically attack the target Visage tried to attack last, and will return if that target is out of Visage's attack range, or Visage issues the cancel current action or hold position commands. The ability can be toggled to the Auto-Cast state to command the Familiars to return to Visage and not leave his side until the state has been disabled.))modifier,FAMILIAR ATTACK RANGE:170))modifier,FAMILIAR SPEED:40))modifier,FAMILIAR GOLD BOUNTY:50));|visage
https://cdn.akamai.steamstatic.com/apps/dota2/images/dota_react/icons/facets/gold.png|Death Toll|Soul Assumption kills give bonus gold. Visage can also recall his familiars.||name,Soul Assumption))description,Soul Assumption kills give 30 gold per soul charge, up to 90/120/150/180 gold. Reduced gold from creeps. Enemy heroes killed within 3 s of being affected by Soul Assumption also give gold.))modifier,BONUS GOLD PER CHARGE PER KILL:30))modifier,CREEP GOLD:15%));|visage
https://cdn.akamai.steamstatic.com/apps/dota2/images/dota_react/icons/facets/armor.png|Sanctuary|Resonant Pulse creates a larger all damage barrier instead of a physical barrier.||name,Resonant Pulse))description,Resonant Pulse creates a larger all damage barrier instead of a physical barrier.))modifier,BARRIER AMOUNT PER HERO HIT:15/20/25/30));|voidspirit
https://cdn.akamai.steamstatic.com/apps/dota2/images/dota_react/icons/facets/illusion.png|Call of the Void|Upon exiting Dissimilate, Aether Remnants are created at the 3 portals furthest from Void Spirit.||name,Aether Remnant))description,));name,Dissimilate))description,))modifier,REMNANT DURATION:4))modifier,REMNANT EFFECTIVENESS:70%));|voidspirit
https://cdn.akamai.steamstatic.com/apps/dota2/images/dota_react/icons/facets/summons.png|Champion of Gorroth|Chaotic Offering Golems deal more burn damage based on Warlock's health and mana regeneration.||name,Chaotic Offering))description,Chaotic Offering Golems deal more burn damage based on Warlock's health and mana regeneration.))modifier,HP/MANA REGEN TO BURN DAMAGE:90%));|warlock
https://cdn.akamai.steamstatic.com/apps/dota2/images/dota_react/icons/facets/xp.png|Black Grimoire|Grants Warlock the item Black Grimoire, which can be consumed to gain experience for each kill Warlock participated in. Starts with 1 charge.|||warlock
https://cdn.akamai.steamstatic.com/apps/dota2/images/dota_react/icons/facets/speed.png|Skitterstep|Shukuchi movespeed increased and slows enemies when passing through them.||name,Shukuchi))description,Shukuchi movespeed increased and slows enemies when passing through them.))modifier,MOVESPEED:600))modifier,SLOW DURATION:0.2))modifier,SLOW:100%));|weaver
https://cdn.akamai.steamstatic.com/apps/dota2/images/dota_react/icons/facets/xp.png|Hivemind|Weaver gains experience when The Swarm beetles attack heroes.||name,The Swarm))description,Weaver gains experience when The Swarm beetles attack heroes.))modifier,XP PER ATTACK:5/8/11/14))modifier,XP PER ATTACK:0/0/0/0));|weaver
https://cdn.akamai.steamstatic.com/apps/dota2/images/dota_react/icons/facets/tree.png|Tangled|Shackleshot affects more enemies and grants damage per unit shackled.||name,Shackleshot))description,))modifier,BONUS DAMAGE PER HERO:40))modifier,CREEP/TREE DAMAGE:50%))modifier,DAMAGE BUFF DURATION:3/4/5/6))modifier,DAMAGE BUFF DURATION:0/0/0/0));|windranger
https://cdn.akamai.steamstatic.com/apps/dota2/images/dota_react/icons/facets/execute.png|Killshot|Powershot executes low health enemy heroes.||name,Powershot))description,))modifier,MIN EXECUTE THRESHOLD:5%))modifier,MAX EXECUTE THRESHOLD:9%/10%/11%/12%))modifier,MAX EXECUTE THRESHOLD:0%/0%/0%/0%));|windranger
https://cdn.akamai.steamstatic.com/apps/dota2/images/dota_react/icons/facets/tower.png|Winterproof|Cold Embrace can be cast on buildings. Does not heal buildings. Allied units and buildings gain bonus attack damage when emerging from the icy cocoon.||name,Cold Embrace))description,))modifier,BONUS ATTACK DAMAGE:60%))modifier,DAMAGE BUFF DURATION:6));|winterwyvern
https://cdn.akamai.steamstatic.com/apps/dota2/images/dota_react/icons/facets/ricochet.png|Recursive|Winter's Curse is recast on the lowest health enemy hero if the primary target dies.||name,Winter's Curse))description,));|winterwyvern
https://cdn.akamai.steamstatic.com/apps/dota2/images/dota_react/icons/facets/death_ward.png|Cleft Death|Death Ward attacks multiple targets with reduced damage.||name,Death Ward))description,))modifier,DAMAGE:55/90/125));|witchdoctor
https://cdn.akamai.steamstatic.com/apps/dota2/images/dota_react/icons/facets/nuke.png|Malpractice|Enemies dying while Maledicted explode.||name,Maledict))description,));|witchdoctor
https://cdn.akamai.steamstatic.com/apps/dota2/images/dota_react/icons/facets/summons.png|Bone Guard|Wraith King can summon skeletons to fight for him.|Break disables the gaining of new stacks.|name,Bone Guard))description,Gains a Charge for every 2 creeps killed and 2 charges per hero killed. Activate to spend all charges, summoning skeletons that respawn once when killed. Skeletons benefit from Vampiric Spirit's lifesteal.));name,Wraithfire Blast))description,));name,Reincarnation))description,When reincarnating, 2/3/4 skeletons are spawned and attack each nearby enemy hero.));|wraithking
https://cdn.akamai.steamstatic.com/apps/dota2/images/dota_react/icons/facets/damage.png|Spectral Blade|Wraith King's attacks curse enemies, dealing additional damage after a delay.||name,Spectral Blade))description,Curses units that Wraith King attacks, dealing a flat amount of damage and a percentage of the attack damage again after a delay. Vampiric Spirit's lifesteal applies to the curse damage and a unit cannot be cursed again for a short period of time.));name,Reincarnation))description,When reincarnating, nearby enemy heroes have their curse cooldowns reset.));|wraithking
https://cdn.akamai.steamstatic.com/apps/dota2/images/dota_react/icons/facets/range.png|Livewire|Static Field deals more damage to nearby enemies.|||zeus
https://cdn.akamai.steamstatic.com/apps/dota2/images/dota_react/icons/facets/nuke.png|Divine Rampage|When Thundergod's Wrath kills an enemy, it deals more damage to the other enemies.||name,Thundergod's Wrath))description,Damage is dealt to one enemy at a time, moving from lowest health hero to highest. If an enemy is killed by this ability, the damage for all subsequent enemies is increased.))modifier,DELAY BETWEEN BOLTS:0.2))modifier,AMPLIFICATION PER KILL:25%));|zeus
